Fund,Fund Manager,Category,Sep-22,Dec-22,Mar-23,Jun-23,Sep-23,Dec-23,Mar-24,Jun-24,Sep-24,Dec-24,classification
360 ONE Balanced Hybrid Fund Reg(G),Mayur Patel,HY-EQ,-,-,-,-,-,6.53,2.7,10.43,3.81,-1.42,Hybrid : Equity Oriented
360 ONE Dynamic Bond Fund Reg(G),Milan Mody,DT-DYN,1.59,1.52,1.15,2.41,1.28,1.78,3,1.58,3.44,1.22,Debt : Dynamic Bond
360 ONE ELSS Tax Saver Nifty 50 Index Fund Reg(G),Parijat Garg,EQ-ELSS,-,-,-4.39,10.84,2.45,10.64,2.77,7.92,7.68,-8.31,Equity : Tax Saving (ELSS)
360 ONE Flexicap Fund Reg(G),Mayur Patel,EQ-FLEX,-,-,-,-,5.83,12.47,3.9,20.28,7.59,-5.7,Equity : Flexi Cap
360 ONE Focused Equity Fund Reg(G),Mayur Patel,EQ-MLC,12.01,4.34,-1.63,13.58,5.6,10.02,3.82,14.47,5.94,-8.87,Equity : Multi Cap
360 ONE Liquid Fund Reg(G),Milan Mody,DT-LIQ,1.25,1.57,1.65,1.69,1.66,1.74,1.8,1.76,1.74,1.71,Debt : Liquid
360 ONE Quant Fund Reg(G),Parijat Garg,EQ-THEM,17.1,2.61,-4.39,19.63,7.62,17.62,9.28,13.32,9.8,-10.5,Equity : Thematic
Aditya Birla SL Active Debt Multi Mgr FoF(G),Kaustubh Gupta,FOF-DOM,1.36,1.47,1.63,1.87,1.51,1.66,2.02,1.73,2.94,0.7,FoFs : Domestic
Aditya Birla SL Arbitrage Fund(G),Lovelish Solanki,HY-ARB,0.82,1.35,1.66,1.76,1.92,1.61,2.06,1.87,1.63,1.77,Hybrid : Arbitrage
Aditya Birla SL Asset Allocator FoF(G),Vinod Narayan Bhat,FOF-DOM,5.18,2.55,-1.27,7.61,6.11,9.16,3.88,10.1,6.13,-3.83,FoFs : Domestic
Aditya Birla SL Bal Bhavishya Yojna Reg(G),Chanchal Khandelwal,HY-SOL,10.39,2.84,-6.32,14.19,6.65,7.51,2.19,11.76,7.72,-7.07,Hybrid : Solution Oriented
Aditya Birla SL Balanced Advantage Fund(G),Harish krishnan,HY-DYN,5.89,3.13,-1.53,7.92,3.14,6.33,2.84,7.81,6.33,-4.15,Hybrid : Dynamic Asset Allocation
Aditya Birla SL Banking & Financial Services Fund Reg(G),Dhaval Gala,EQ-FIN,16.52,8,-7.17,16.98,6.58,5.19,-0.59,12.01,4.93,-6.94,Equity : Sectoral - Financial Services
Aditya Birla SL Banking & PSU Debt(G),Kaustubh Gupta,DT-B&PSU,1.31,1.53,1.63,1.97,1.43,1.66,2,1.71,2.41,1.53,Debt : Banking & PSU
Aditya Birla SL BSE Sensex ETF,Priya Sridhar,EQ-ETF,8.6,6.12,-2.89,10.36,2.1,9.93,2.08,7.9,6.93,-7.16,Equity : ETFs
Aditya Birla SL Business Cycle Fund Reg(G),Harish krishnan,EQ-THEM,10.83,4.99,-5.6,10.36,4.38,9.61,3.67,12.45,8.61,-6.48,Equity : Thematic
Aditya Birla SL Corp Bond Fund(G),Kaustubh Gupta,DT-CORP,1.66,1.7,1.74,2.01,1.66,1.69,2.22,1.82,2.65,1.6,Debt : Corporate Bond
Aditya Birla SL Credit Risk Fund Reg(G),Sunaina da Cunha,DT-CR,4.04,1.71,1.58,2.05,1.49,1.6,2.01,2.4,2.93,4.09,Debt : Credit Risk
Aditya Birla SL CRISIL 10 Year Gilt ETF,Bhupesh Bameta,DT-ETF,-,-,-,-,-,-,-,-,-,1.31,Debt : ETFs
Aditya Birla SL CRISIL Broad Based Gilt ETF,Kaustubh Gupta,DT-ETF,-,-,-,-,-,-,-,-,-,1.02,Debt : ETFs
Aditya Birla SL CRISIL IBX 50:50 Gilt Plus SDL Apr 2028 Index Fund Reg(G),Mohit Sharma,DT-M&LD,-,-,2.16,2.07,1.19,2.05,1.89,1.9,2.63,1.42,Debt : Medium to Long Duration
Aditya Birla SL CRISIL IBX 60:40 SDL + AAA PSU   Apr 2025 Index Fund Reg(G),Mohit Sharma,DT-MD,1.23,1.73,1.72,1.82,1.55,1.67,1.88,1.77,1.82,1.64,Debt : Medium Duration
Aditya Birla SL CRISIL IBX 60:40 SDL + AAA PSU   Apr 2027 Index Fund Reg(G),Mohit Sharma,DT-M&LD,1.69,1.92,1.77,1.92,1.22,1.79,1.89,1.87,2.18,1.59,Debt : Medium to Long Duration
Aditya Birla SL CRISIL IBX 60:40 SDL + AAA PSU Apr 2026 Index Fund Reg(G),Bhupesh Bameta,DT-B&PSU,-,-,1.71,1.78,1.39,1.73,1.85,1.78,1.97,1.61,Debt : Banking & PSU
Aditya Birla SL CRISIL IBX Gilt   April 2026 Index Fund Reg(G),Bhupesh Bameta,DT-MD,-,-,1.66,1.94,1.16,2.08,1.76,1.77,2.05,1.52,Debt : Medium Duration
Aditya Birla SL CRISIL IBX Gilt Apr 2028 Index Fund Reg(G),Bhupesh Bameta,DT-M&LD,-,-,-,1.83,1.11,1.98,1.72,1.78,2.37,1.29,Debt : Medium to Long Duration
Aditya Birla SL CRISIL IBX Gilt Apr 2029 Index Fund Reg(G),Harshil Suvarnkar,DT-GILT,-,-,2.32,2.19,1.07,2.24,2.01,1.83,2.97,1.37,Debt : Gilt
Aditya Birla SL CRISIL IBX Gilt April 2033 Index Fund Reg(G),Bhupesh Bameta,DT-LD,-,-,-,-,-,-,2.4,1.76,3.56,1.14,Debt : Long Duration
Aditya Birla SL CRISIL IBX Gilt June 2027 Index Fund Reg(G),Bhupesh Bameta,DT-GILT,-,-,-,-,-,-,-,-,2.34,1.39,Debt : Gilt
Aditya Birla SL CRISIL IBX SDL Jun 2032 Index Fund Reg(G),Bhupesh Bameta,DT-LD,-,-,-,3.04,1.38,0.96,3.01,1.75,3.16,1.4,Debt : Long Duration
Aditya Birla SL CRISIL Liquid Overnight ETF,Sanjay Pawar,DT-ON,-,-,-,1.49,1.5,1.59,1.61,1.55,1.48,1.53,Debt : Overnight
Aditya Birla SL CRISIL IBX AAA Financial Services Index Sep 2027 Fund Reg(G),Harshil Suvarnkar,DT-M&LD,-,-,-,-,-,-,-,-,-,-,Debt : Medium to Long Duration
Aditya Birla SL CRISIL IBX AAA NBFC HFC Index Dec 2025 Fund Reg(G),Sanjay Godambe,DT-SD,-,-,-,-,-,-,-,-,-,-,Debt : Short Duration
Aditya Birla SL CRISIL IBX AAA NBFC HFC Index Sep 2026 Fund Reg(G),Harshil Suvarnkar,DT-SD,-,-,-,-,-,-,-,-,-,-,Debt : Short Duration
Aditya Birla SL Digital India Fund(G),Kunal Sangoi,EQ-TECH,0.6,4.93,0.74,9.24,8.66,13.53,-1.71,5.15,13.77,0.44,Equity : Sectoral - Technology
Aditya Birla SL Dividend Yield Fund(G),Dhaval Gala,EQ-DIV,10.57,9.03,-1.56,10.8,10.5,16.44,3.46,13.01,11.05,-8.93,Equity : Thematic - Dividend Yield
Aditya Birla SL Dynamic Bond Fund Reg(G),Mohit Sharma,DT-DYN,4.42,1.61,1.63,2.18,1.15,1.75,2.42,1.8,3.39,0.94,Debt : Dynamic Bond
Aditya Birla SL ELSS Tax Saver Fund(G),Dhaval Shah,EQ-ELSS,8.3,3.23,-6.69,11.78,5.05,8.52,4.16,13.4,7.84,-8.63,Equity : Tax Saving (ELSS)
Aditya Birla SL Equity Advantage Fund(G),Vishal Gajwani,EQ-L&M,11.11,0.33,-4.44,13.59,6.34,9.96,1.7,13.92,7.74,-7.4,Equity : Large & Mid Cap
Aditya Birla SL Equity Hybrid 95 Fund(G),Chanchal Khandelwal,HY-EQ,6.52,1.06,-2.62,10.6,4.05,8.21,3.43,10.44,6.38,-5.15,Hybrid : Equity Oriented
Aditya Birla SL Equity Savings Fund Reg(G),Lovelish Solanki,HY-EQ,4.65,1.58,-1.09,6.98,2.39,2.98,1.91,3.19,3.14,-0.29,Hybrid : Equity Oriented
Aditya Birla SL ESG Integration Strategy Fund Reg(G),Chanchal Khandelwal,EQ-THEM,11.84,-0.5,-3.77,11.58,3.82,9.62,0.55,13.63,12.42,-5.34,Equity : Thematic
Aditya Birla SL Financial Planning FOF Aggressive Plan(G),Vinod Narayan Bhat,FOF-DOM,7.77,3.74,-1.6,8.94,6.18,9.37,3.51,11.19,7.25,-5.29,FoFs : Domestic
Aditya Birla SL Financial Planning FOF Conservative Plan(G),Vinod Narayan Bhat,FOF-DOM,3.6,2.61,0.94,4.74,3.95,5.42,2.7,6.04,4.91,-2.1,FoFs : Domestic
Aditya Birla SL Financial Planning FOF Moderate Plan(G),Vinod Narayan Bhat,FOF-DOM,5.39,3,-0.46,6.93,5.05,7.45,3.16,8.56,6.15,-3.78,FoFs : Domestic
Aditya Birla SL Flexi Cap Fund(G),Harish krishnan,EQ-FLEX,10.14,3.97,-4.55,12.5,6.24,10.4,4.05,11.42,10.28,-7.3,Equity : Flexi Cap
Aditya Birla SL Floating Rate Fund(G),Kaustubh Gupta,DT-FL,1.48,1.57,1.79,1.96,1.88,1.62,2.05,1.85,1.95,1.87,Debt : Floater
Aditya Birla SL Focused Fund(G),Kunal Sangoi,EQ-LC,8.45,4.16,-4.99,11.71,4.89,10.47,5.78,10.43,9.74,-7.4,Equity : Large Cap
Aditya Birla SL Frontline Equity Fund(G),Mahesh Patil,EQ-LC,9.87,4.52,-3.95,11.87,4.14,9.98,4.46,10.51,8.7,-7.9,Equity : Large Cap
Aditya Birla SL G Sec Fund(G),Bhupesh Bameta,DT-GILT,1.32,1.79,1.76,2.26,0.84,2.04,3.18,1.83,3.36,0.42,Debt : Gilt
Aditya Birla SL Global Emerging Opp Fund(G),Dhaval Joshi,FOF-OVR,-4.68,5.69,2.71,4.73,-3.73,11.06,11.34,3.68,1.23,1.96,FoFs : Overseas
Aditya Birla SL Global Excellence Equity FoF(G),Dhaval Joshi,FOF-OVR,-3.53,10.33,7.51,9.34,-2.08,13,11.53,5.5,1.89,-0.51,FoFs : Overseas
Aditya Birla SL Gold ETF,Sachin Wankhede,GOLD-ETF,-1.06,9.59,7.69,-3.22,-0.63,8.92,6.15,6.56,4.64,1,Gold : ETFs
Aditya Birla SL Gold Fund(G),Priya Sridhar,GOLD-MF,-1.35,8.64,8.3,-3.12,0.23,8.85,4.71,7.35,4.9,0.68,Gold : MFs
Aditya Birla SL Income Fund(G),Bhupesh Bameta,DT-M&LD,1.51,1.74,1.66,2.29,0.8,1.74,2.37,1.77,2.99,1.02,Debt : Medium to Long Duration
Aditya Birla SL India GenNext Fund(G),Chanchal Khandelwal,EQ-CONS,15.57,-0.72,-5.13,14.81,4.7,9.77,2.17,12.35,13.32,-9.7,Equity : Thematic - Consumption
Aditya Birla SL Infrastructure Fund(G),Mahesh Patil,EQ-INFRA,17.17,5.67,0.44,15.76,12.91,10.06,10.06,17.3,3.89,-7.59,Equity : Sectoral - Infrastructure
Aditya Birla SL Intl. Equity Fund(G),Dhaval Joshi,EQ-INTL,-5.56,14.42,1.76,2.29,-5.21,10.04,3.74,-3.19,11.36,-3.94,Equity : International
Aditya Birla SL Liquid Fund(G),Kaustubh Gupta,DT-LIQ,1.27,1.61,1.71,1.71,1.7,1.75,1.84,1.8,1.78,1.74,Debt : Liquid
Aditya Birla SL Long Duration Fund Reg(G),Harshil Suvarnkar,DT-LD,-,1.98,2.04,2.96,0.68,1.4,3.79,1.97,3.69,0.7,Debt : Long Duration
Aditya Birla SL Low Duration Fund(G),Kaustubh Gupta,DT-LOWD,1.31,1.46,1.6,1.81,1.57,1.55,1.83,1.68,1.75,1.68,Debt : Low Duration
Aditya Birla SL Medium Term Plan Reg(G),Sunaina da Cunha,DT-MD,17.32,1.87,1.65,2.21,1.27,1.63,2.04,2.14,2.86,3.03,Debt : Medium Duration
Aditya Birla SL Mfg. Equity Fund Reg(G),Harish krishnan,EQ-CONS,10.26,1.3,-5.28,14.9,7.78,12.95,4.96,16.72,10.53,-7.67,Equity : Thematic - Consumption
Aditya Birla SL Midcap Fund(G),Vishal Gajwani,EQ-MID,11.19,-2.48,-3.72,16.38,12.4,11.05,0.87,18.34,11.39,-8.26,Equity : Mid Cap
Aditya Birla SL MNC Fund Reg(G),Chanchal Khandelwal,EQ-MNC,9.83,-2.16,-6.62,14.46,7.58,7.07,0.25,20,6.16,-8.25,Equity : Thematic - MNC
Aditya Birla SL Money Manager Fund(G),Kaustubh Gupta,DT-MM,1.3,1.66,1.85,1.91,1.73,1.74,2.06,1.83,1.89,1.79,Debt : Money Market
Aditya Birla SL Multi Asset Allocation Fund Reg(G),Dhaval Gala,HY-MULTI,-,-,-,9.19,3.01,7.04,2.91,9.88,6.68,-3.8,Hybrid : Multi Asset Allocation
Aditya Birla SL Multi Cap Fund Reg(G),Abhinav Khandelwal,EQ-MLC,9.22,2.57,-3.55,13.97,6.9,9.13,4.53,14.51,8.52,-5.72,Equity : Multi Cap
Aditya Birla SL Multi Index FoF Reg(G),Vinod Narayan Bhat,FOF-DOM,-,-,-1.24,7.72,5.38,11.51,4.36,12.22,5.29,-4.16,FoFs : Domestic
Aditya Birla SL NASDAQ 100 FOF Reg(G),Dhaval Joshi,FOF-OVR,-0.38,-2.31,19.1,15.59,-1.41,14.26,8.13,8.77,1.01,8.69,FoFs : Overseas
Aditya Birla SL Nifty 200 Momentum 30 ETF,Priya Sridhar,EQ-ETF,-,1.61,-5.97,16.72,9.29,17.75,12.81,14.77,6.79,-12.72,Equity : ETFs
Aditya Birla SL Nifty 200 Quality 30 ETF,Priya Sridhar,EQ-ETF,-,-0.63,-1.21,11.95,5.01,12.78,1.2,11.68,13.07,-10.66,Equity : ETFs
Aditya Birla SL Nifty 50 Equal Weight Index Fund Reg(G),Priya Sridhar,EQ-INDX,11.6,4.38,-5.04,14.38,5.15,13.39,5.1,7.52,10.27,-12.07,Equity : Index Funds
Aditya Birla SL Nifty 50 ETF,Priya Sridhar,EQ-ETF,8.71,6.05,-4.03,11.02,2.7,10.83,2.91,8.08,7.78,-8.25,Equity : ETFs
Aditya Birla SL Nifty 50 Index Fund Reg(G),Priya Sridhar,EQ-INDX,8.51,5.89,-4.19,10.86,2.57,10.69,2.79,7.96,7.66,-8.35,Equity : Index Funds
Aditya Birla SL Nifty Bank ETF,Priya Sridhar,EQ-ETF,15.77,11.22,-5.56,10.8,-0.13,8.27,-2.47,11.69,1.44,-4.04,Equity : ETFs
Aditya Birla SL Nifty Healthcare ETF,Priya Sridhar,EQ-ETF,9.77,-2.57,-4.51,17.25,9.2,9.45,14.14,4.25,17.62,1.29,Equity : ETFs
Aditya Birla SL Nifty India Defence Index Fund Reg(G),Priya Sridhar,EQ-INDX,-,-,-,-,-,-,-,-,-,-2.93,Equity : Index Funds
Aditya Birla SL Nifty IT ETF,Priya Sridhar,EQ-ETF,-2.66,6.71,0.36,3.66,7.77,12.4,-1.61,4.43,16.09,3.82,Equity : ETFs
Aditya Birla SL Nifty Midcap 150 Index Fund Reg(G),Priya Sridhar,EQ-INDX,16.08,1.74,-4.54,17.94,12.91,12.69,4.3,17.11,7.03,-5.39,Equity : Index Funds
Aditya Birla SL Nifty Next 50 ETF,Priya Sridhar,EQ-ETF,16.35,-0.42,-10.3,15.83,3.11,18.55,13.88,18.16,7.91,-11.55,Equity : ETFs
Aditya Birla SL Nifty Next 50 Index Fund Reg(G),Priya Sridhar,EQ-INDX,16.13,-0.7,-10.56,15.52,2.92,18.28,13.57,17.68,7.69,-12.02,Equity : Index Funds
Aditya Birla SL Nifty PSE ETF,Priya Sridhar,EQ-ETF,-,-,-,-,-,-,-,-,6.17,-15.22,Equity : ETFs
Aditya Birla SL Nifty SDL Apr 2027 Index Fund Reg(G),Bhupesh Bameta,DT-M&LD,1.71,1.99,1.8,1.9,1.13,1.77,1.91,1.98,2.25,1.49,Debt : Medium to Long Duration
Aditya Birla SL Nifty SDL Plus PSU Bond Sep 2026 60:40 Index Fund Reg(G),Mohit Sharma,DT-M&LD,1.52,1.9,1.7,1.9,1.33,1.73,1.94,1.84,2.1,1.61,Debt : Medium to Long Duration
Aditya Birla SL Nifty SDL Sep 2025 Index Fund Reg(G),Bhupesh Bameta,DT-MD,-,1.9,1.75,1.78,1.44,1.74,1.86,1.84,1.98,1.52,Debt : Medium Duration
Aditya Birla SL Nifty SDL Sep 2027 Index Fund Reg(G),Harshil Suvarnkar,DT-MD,-,-,-,1.81,1.15,1.83,1.89,2.12,2.41,1.43,Debt : Medium Duration
Aditya Birla SL Nifty Smallcap 50 Index Fund Reg(G),Priya Sridhar,EQ-INDX,10.94,1.57,-5.57,19.3,19.1,21.02,-1.87,21.77,7.32,-2.98,Equity : Index Funds
Aditya Birla SL Overnight Fund Reg(G),Kaustubh Gupta,DT-ON,1.25,1.48,1.54,1.61,1.62,1.67,1.64,1.62,1.6,1.6,Debt : Overnight
Aditya Birla SL Pharma & Healthcare Fund Reg(G),Dhaval Shah,EQ-PHRM,6.09,-0.58,-4.61,16.38,12.08,10.64,12.03,2.34,19.54,-0.93,Equity : Sectoral - Pharma
Aditya Birla SL PSU Equity Fund Reg(G),Dhaval Gala,EQ-THEM,12.82,14.88,-4.51,11.21,20.53,24.45,14.92,11.72,2.43,-13.17,Equity : Thematic
Aditya Birla SL Pure Value Fund(G),Kunal Sangoi,EQ-VAL,12.93,5.5,-3.9,14.89,14.62,13.02,4.89,10.59,10.1,-7.24,Equity : Value / Contra
Aditya Birla SL Quant Fund Reg(G),Harish krishnan,EQ-THEM,-,-,-,-,-,-,-,-,6.5,-10.52,Equity : Thematic
Aditya Birla SL Regular Savings Fund(G),Mohit Sharma,HY-DT(CO),4.09,1.94,-0.1,4.32,1.86,3.26,1.79,4.08,4.06,0.21,Hybrid : Debt Oriented (Conservative)
Aditya Birla SL Retirement Fund 30 Reg(G),Jonas Bhutta,HY-SOL,9.12,3.28,-5.37,11.6,5.49,8.91,2.21,12.49,9.46,-6.3,Hybrid : Solution Oriented
Aditya Birla SL Retirement Fund 40 Reg(G),Chanchal Khandelwal,HY-SOL,7.6,2.57,-4.21,9.61,5.54,7.38,1.81,9.35,7.45,-1.74,Hybrid : Solution Oriented
Aditya Birla SL Retirement Fund 50 Plus Debt Plan Reg(G),Harshil Suvarnkar,HY-SOL,0.95,1.52,1.18,1.55,0.85,1.44,1.55,1.4,2.02,1.05,Hybrid : Solution Oriented
Aditya Birla SL Retirement Fund 50 Reg(G),Mohit Sharma,HY-SOL,2.99,2.32,-0.3,3.94,2.86,3.17,1.75,3.71,4.11,-0.64,Hybrid : Solution Oriented
Aditya Birla SL Savings Fund Reg(G),Kaustubh Gupta,DT-USD,1.25,1.58,1.75,1.82,1.74,1.67,1.99,1.85,1.84,1.95,Debt : Ultra Short Duration
Aditya Birla SL Short Term Fund(G),Kaustubh Gupta,DT-SD,1.76,1.51,1.59,1.97,1.42,1.72,2.01,1.68,2.36,1.66,Debt : Short Duration
Aditya Birla SL Silver ETF,Sachin Wankhede,GOLD-ETF,-3.66,26.14,0.87,-4.25,3.42,2.05,1.26,18.08,1.78,-4.1,Gold : ETFs
Aditya Birla SL Silver ETF FOF Reg(G),Priya Sridhar,FOF-DOM,-4.6,19.52,4.82,-4.2,4.05,2.25,0.03,18.42,2.2,-4.55,FoFs : Domestic
Aditya Birla SL Small Cap Fund(G),Abhinav Khandelwal,EQ-SML,13.06,-0.3,-4.79,20.13,12.04,8.77,-0.19,19.7,7.65,-5.56,Equity : Small Cap
Aditya Birla SL Special Opp Fund Reg(G),Dhaval Gala,EQ-THEM,10.94,3.13,-8.33,13.88,8.04,11.17,4.43,12.93,10.44,-6.69,Equity : Thematic
Aditya Birla SL Transportation and Logistics Fund Reg(G),Dhaval Gala,EQ-AUTO,-,-,-,-,-,-,14.1,15.81,9.29,-14.01,Equity : Sectoral - Auto
Aditya Birla SL US Treasury 1 3 year Bond ETFs FoF Reg(G),Vighnesh Gupta,DT-ETF,-,-,-,-,-,-,0.53,0.97,3.28,2.02,Debt : ETFs
Aditya Birla SL US Treasury 3 10 year Bond ETFs FoF Reg(G),Vighnesh Gupta,DT-ETF,-,-,-,-,-,-,-0.49,0.51,5.01,-0.74,Debt : ETFs
Axis Aggressive Hybrid Fund Reg(G),Jayesh Sundar,HY-EQ,8.95,0.73,-4.84,10.24,1.9,6.82,1.8,9.46,8.8,-5.41,Hybrid : Equity Oriented
Axis All Seasons Debt FOFs Reg(G),Devang Shah,FOF-DOM,1.63,1.7,1.61,1.86,1.14,1.89,2.6,1.89,3.44,0.66,FoFs : Domestic
Axis Arbitrage Fund Reg(G),Karthik Kumar,HY-ARB,0.75,1.29,1.62,1.72,1.8,1.6,2.11,1.89,1.63,1.74,Hybrid : Arbitrage
Axis Balanced Advantage Fund Reg(G),Jayesh Sundar,HY-DYN,5.61,1.7,-1.74,8.14,3.6,8.98,4.93,7.74,6.93,-2.78,Hybrid : Dynamic Asset Allocation
Axis Banking & PSU Debt Fund Reg(G),Aditya Pagaria,DT-B&PSU,0.87,1.52,1.52,1.86,1.44,1.56,1.88,1.57,2.31,1.59,Debt : Banking & PSU
Axis Bluechip Fund Reg(G),Shreyash Devalkar,EQ-LC,10.78,0.97,-5.08,10.4,1.68,10.23,6.67,6.71,7.76,-7.28,Equity : Large Cap
Axis BSE Sensex ETF,Karthik Kumar,EQ-ETF,-,-,-,10.3,2.05,9.89,2.07,7.88,6.91,-7.14,Equity : ETFs
Axis BSE Sensex Index Fund Reg(G),Karthik Kumar,EQ-INDX,-,-,-,-,-,-,-,7.71,6.74,-7.32,Equity : Index Funds
Axis Business Cycles Fund Reg(G),Ashish Naik,EQ-THEM,-,-,-,13.09,6.63,11.85,4.74,12.45,7.48,-5.56,Equity : Thematic
Axis Childrens Fund Compulsory Lock in Reg(G),Jayesh Sundar,HY-SOL,8.71,0.07,-3.98,9.5,1.89,5.72,0.44,9.86,8.41,-4.38,Hybrid : Solution Oriented
Axis Childrens Fund No Lock in Reg(G),Jayesh Sundar,HY-SOL,8.71,0.07,-3.98,9.5,1.89,5.72,0.44,9.86,8.41,-4.38,Hybrid : Solution Oriented
Axis Conservative Hybrid Fund Reg(G),Devang Shah,HY-DT(CO),4.16,1.06,-0.39,4.34,1.3,3.02,1.57,3.37,4.06,-1.64,Hybrid : Debt Oriented (Conservative)
Axis Consumption Fund Reg(G),Shreyash Devalkar,EQ-CONS,-,-,-,-,-,-,-,-,-,-5.58,Equity : Thematic - Consumption
Axis Corp Bond Fund Reg(G),Devang Shah,DT-CORP,1.46,1.53,1.57,1.99,1.45,1.61,2.1,1.63,2.54,1.55,Debt : Corporate Bond
Axis Credit Risk Fund Reg(G),Devang Shah,DT-CR,1.51,1.6,1.73,1.91,1.51,1.68,2.01,1.77,2.32,1.71,Debt : Credit Risk
Axis CRISIL IBX 50:50 Gilt Plus SDL June 2028 Index Fund Reg(G),Hardik Shah,DT-M&LD,-,-,-,2.04,1.22,1.95,1.93,1.86,2.69,1.39,Debt : Medium to Long Duration
Axis CRISIL IBX 50:50 Gilt Plus SDL Sep 2027 Index Fund Reg(G),Aditya Pagaria,DT-M&LD,-,-,-,1.92,1.1,1.96,1.84,1.98,2.41,1.4,Debt : Medium to Long Duration
Axis CRISIL IBX 70:30 CPSE Plus SDL April 2025 Index Fund Reg(G),Devang Shah,DT-MD,1.3,1.64,1.64,1.93,1.54,1.62,1.9,1.76,1.84,1.73,Debt : Medium Duration
Axis CRISIL IBX SDL June 2034 Debt Index Fund Reg(G),Hardik Shah,DT-LD,-,-,-,-,-,-,-,1.98,3.27,1.4,Debt : Long Duration
Axis CRISIL IBX SDL May 2027 Index Fund Reg(G),Hardik Shah,DT-M&LD,1.81,1.91,1.9,1.97,1.1,1.84,1.94,2.1,2.4,1.54,Debt : Medium to Long Duration
Axis CRISIL IBX AAA Bond Financial Services   Sep 2027 Index Fund Reg(G),Aditya Pagaria,DT-M&LD,-,-,-,-,-,-,-,-,-,-,Debt : Medium to Long Duration
Axis CRISIL IBX AAA Bond NBFC   Jun 2027 Index Fund Reg(G),Aditya Pagaria,DT-M&LD,-,-,-,-,-,-,-,-,-,2.01,Debt : Medium to Long Duration
Axis Dynamic Bond Fund Reg(G),Devang Shah,DT-DYN,2.09,2.07,1.45,2.48,1.1,1.39,2.51,1.61,3.38,0.83,Debt : Dynamic Bond
Axis ELSS Tax Saver Fund Reg(G),Shreyash Devalkar,EQ-ELSS,13.46,-1.65,-6.51,16.86,1.3,10.21,6.69,8.13,9.26,-6.84,Equity : Tax Saving (ELSS)
Axis Equity ETFs FoF Reg(G),Karthik Kumar,EQ-ETF,12.12,3.43,-5.45,12.72,4.45,12,4.59,12.11,7.27,-11.54,Equity : ETFs
Axis Equity Savings Fund Reg(G),Mayank Hyanki,HY-EQ,4.78,1.74,-1.18,5.67,3.27,6.23,3.04,4.25,4.84,-1.37,Hybrid : Equity Oriented
Axis ESG Integration Strategy Fund Reg(G),Vishal Agarwal,EQ-THEM,6.73,3.08,-2.11,10.76,1.94,12.61,4.97,7.54,10.98,-7.41,Equity : Thematic
Axis Flexi Cap Fund Reg(G),Sachin Relekar,EQ-FLEX,12.6,-0.78,-5.89,13.42,2,10.41,4.62,12.45,8.93,-4.55,Equity : Flexi Cap
Axis Floater Fund Reg(G),Aditya Pagaria,DT-FL,1.32,1.78,1.71,1.92,1.4,1.94,2.53,2.05,3.61,0.82,Debt : Floater
Axis Focused Fund Reg(G),Sachin Relekar,EQ-MLC,10.72,-2.33,-7.55,15.05,0.43,9.75,6.16,6.15,9.88,-7.3,Equity : Multi Cap
Axis Gilt Fund Reg(G),Devang Shah,DT-GILT,1.86,1.07,1.5,2.27,0.92,2.2,3.16,2.04,3.7,0.76,Debt : Gilt
Axis Global Equity Alpha FoF Reg(G),Krishnaa N,FOF-OVR,-3.95,11.73,3.76,6.76,-1.12,9.51,9.4,3.69,2.2,4.32,FoFs : Overseas
Axis Global Innovation FoF Reg(G),Krishnaa N,FOF-OVR,-2.1,7.21,10.5,6.4,-3.31,12.86,9.83,6.36,1.26,3.96,FoFs : Overseas
Axis Gold ETF,Aditya Pagaria,GOLD-ETF,-1.02,9.49,6.6,-2.27,-0.73,9.56,5.98,6.19,4.91,0.98,Gold : ETFs
Axis Gold Fund Reg(G),Aditya Pagaria,GOLD-MF,-1.68,8.34,9.16,-3.21,-0.15,8.68,5.23,7.58,4.51,0.73,Gold : MFs
Axis Greater China Equity FoF Reg(G),Krishnaa N,FOF-OVR,-19.09,14.93,6.01,-9.09,-3.91,-1.21,-0.46,4.75,14.93,-7.52,FoFs : Overseas
Axis Growth Opp Fund Reg(G),Shreyash Devalkar,EQ-L&M,11.75,-1.96,-3.8,19.69,3.7,9.67,8.7,11.32,8.78,-4.65,Equity : Large & Mid Cap
Axis India Manufacturing Fund Reg(G),Shreyash Devalkar,EQ-THEM,-,-,-,-,-,-,13.61,19.91,6.9,-8.34,Equity : Thematic
Axis Innovation Fund Reg(G),Ashish Naik,EQ-THEM,7.91,-0.85,-1.98,13.16,2.87,8.44,8.2,13.36,8.9,-4.21,Equity : Thematic
Axis Liquid Fund Reg(G),Devang Shah,DT-LIQ,1.29,1.62,1.69,1.72,1.71,1.76,1.87,1.79,1.77,1.75,Debt : Liquid
Axis Long Duration Fund Reg(G),Devang Shah,DT-LD,-,-,2.29,1.74,1.25,1.68,4.51,2.43,3.65,0.15,Debt : Long Duration
Axis Midcap Fund Reg(G),Shreyash Devalkar,EQ-MID,14.52,-2.68,-3.2,16.2,5.15,9.58,5.55,19.45,7.5,-4.08,Equity : Mid Cap
Axis Money Market Fund Reg(G),Devang Shah,DT-MM,1.27,1.61,1.81,1.92,1.7,1.71,2.05,1.78,1.93,1.79,Debt : Money Market
Axis Multi Asset Allocation Fund Reg(G),Ashish Naik,HY-MULTI,7.77,1.25,-4.02,8.41,1.87,6.55,2.04,9.23,7.4,-3.61,Hybrid : Multi Asset Allocation
Axis Multicap Fund Reg(G),Shreyash Devalkar,EQ-MLC,12.96,1.33,-4.35,16.17,7.73,13.94,6.15,15.85,11.45,-3.52,Equity : Multi Cap
Axis NASDAQ 100 FoF Reg(G),Krishnaa N,FOF-OVR,-,-,18.57,15.09,-1.32,14.03,8.04,8.83,1,8.62,FoFs : Overseas
Axis Nifty 100 Index Fund Reg(G),Karthik Kumar,EQ-INDX,9.55,4.61,-6.02,11.26,2.58,11.84,4.61,9.27,7.54,-8.97,Equity : Index Funds
Axis NIFTY 50 ETF,Karthik Kumar,EQ-ETF,8.68,6.05,-4.04,11.02,2.69,10.86,2.93,8.06,7.77,-8.26,Equity : ETFs
Axis Nifty 50 Index Fund Reg(G),Karthik Kumar,EQ-INDX,8.51,5.9,-4.08,10.88,2.58,10.67,2.88,7.86,7.68,-8.31,Equity : Index Funds
Axis Nifty 500 Index Fund Reg(G),Karthik Kumar,EQ-INDX,-,-,-,-,-,-,-,-,-,-7.82,Equity : Index Funds
Axis Nifty AAA Bond Plus SDL Apr 2026 50:50 ETF,Aditya Pagaria,DT-ETF,1.47,1.82,1.74,1.93,1.49,1.74,1.95,1.76,2.08,1.71,Debt : ETFs
Axis Nifty AAA Bond Plus SDL Apr 2026 50:50 ETF FoF Reg(G),Aditya Pagaria,DT-M&LD,1.35,1.46,2.58,1.44,1.31,1.64,1.83,1.75,1.95,1.77,Debt : Medium to Long Duration
Axis NIFTY Bank ETF,Karthik Kumar,EQ-ETF,15.7,11.26,-5.56,10.8,-0.18,8.25,-2.47,11.69,1.42,-4.01,Equity : ETFs
Axis Nifty Bank Index Fund Reg(G),Karthik Kumar,EQ-INDX,-,-,-,-,-,-,-,-,1.19,-4.18,Equity : Index Funds
Axis NIFTY Healthcare ETF,Karthik Kumar,EQ-ETF,9.72,-2.59,-4.57,17.19,9.14,9.37,13.5,4.2,17.58,1.28,Equity : ETFs
Axis NIFTY India Consumption ETF,Karthik Kumar,EQ-ETF,17.71,-3.98,-5.04,16.34,1.88,13.26,5.73,10.21,15.4,-11.38,Equity : ETFs
Axis NIFTY IT ETF,Karthik Kumar,EQ-ETF,-2.56,6.7,0.36,3.64,7.72,12.37,-1.49,4.46,16.1,3.81,Equity : ETFs
Axis NIFTY IT Index Fund Reg(G),Karthik Kumar,EQ-INDX,-,-,-,-,-,12.13,-1.63,4.25,15.85,3.6,Equity : Index Funds
Axis Nifty Midcap 50 Index Fund Reg(G),Karthik Kumar,EQ-INDX,13.87,4.74,-3.28,19.37,14.27,12.91,2.84,15.85,7.3,-5.57,Equity : Index Funds
Axis Nifty Next 50 Index Fund Reg(G),Karthik Kumar,EQ-INDX,16.44,-0.59,-10.51,15.55,2.91,18.28,13.64,17.56,7.66,-11.76,Equity : Index Funds
Axis Nifty SDL Sep 2026 Debt Index Fund Reg(G),Aditya Pagaria,DT-MD,-,-,1.82,1.84,1.25,1.76,1.98,1.98,2.23,1.54,Debt : Medium Duration
Axis Nifty Smallcap 50 Index Fund Reg(G),Karthik Kumar,EQ-INDX,10.43,1.61,-5.77,19.18,19.85,20.36,-1.53,21.6,7.09,-3.01,Equity : Index Funds
Axis Nifty500 Value 50 Index Fund Reg(G),Karthik Kumar,EQ-INDX,-,-,-,-,-,-,-,-,-,-,Equity : Index Funds
Axis Overnight Fund Reg(G),Sachin Jain,DT-ON,1.28,1.5,1.55,1.62,1.64,1.69,1.68,1.63,1.62,1.63,Debt : Overnight
Axis Quant Fund Reg(G),Karthik Kumar,EQ-THEM,13.7,0.09,-2.11,15.21,2.36,13.22,7.52,7.26,7.56,-8.39,Equity : Thematic
Axis Retirement Fund Aggressive Plan Reg(G),Jayesh Sundar,HY-SOL,10.42,-0.94,-4.13,11.18,2.53,9.44,6.64,9.15,8.78,-5.82,Hybrid : Solution Oriented
Axis Retirement Fund Conservative Plan Reg(G),Jayesh Sundar,HY-SOL,2.35,0.17,-1.06,6.45,2.35,5.48,5.26,3.16,5.7,-2.8,Hybrid : Solution Oriented
Axis Retirement Fund Dynamic Plan Reg(G),Jayesh Sundar,HY-SOL,10.92,-2.16,-3.73,11.01,2.21,9.98,7.49,9.62,10.55,-4.58,Hybrid : Solution Oriented
Axis Short Duration Fund Reg(G),Devang Shah,DT-SD,1.37,1.52,1.63,2,1.29,1.71,2.07,1.64,2.36,1.71,Debt : Short Duration
Axis Silver ETF,Aditya Pagaria,GOLD-ETF,-,25.24,1.73,-5.11,3.75,3.16,-0.42,18.7,2.51,-4.11,Gold : ETFs
Axis Silver FoF Reg(G),Aditya Pagaria,GOLD-MF,-,18.44,3.66,-3.44,3.4,2.84,0.36,18.44,2.43,-4.88,Gold : MFs
Axis Small Cap Fund Reg(G),Tejas Sheth,EQ-SML,13.12,0.95,-3.28,16.57,7.63,10.45,0.74,15.75,10.05,-2.57,Equity : Small Cap
Axis Strategic Bond Fund Reg(G),Devang Shah,DT-MD,1.69,1.6,1.74,2.27,1.25,1.82,2.35,1.83,2.56,1.68,Debt : Medium Duration
Axis Treasury Advantage Fund Reg(G),Devang Shah,DT-LOWD,1.33,1.51,1.71,1.88,1.64,1.62,1.94,1.76,1.96,1.8,Debt : Low Duration
Axis Ultra Short Duration Fund Reg(G),Sachin Jain,DT-USD,1.12,1.44,1.62,1.68,1.53,1.56,1.81,1.64,1.75,1.65,Debt : Ultra Short Duration
Axis Value Fund Reg(G),Nitin Arora,EQ-VAL,10.9,3.95,-2.34,16.77,8.03,13.77,5.7,14.41,10.35,-4.17,Equity : Value / Contra
Bajaj Finserv Arbitrage Fund Reg(G),Ilesh Savla,HY-ARB,-,-,-,-,-,1.55,1.79,1.74,1.53,1.63,Hybrid : Arbitrage
Bajaj Finserv Balanced Advantage Fund Reg(G),Nimesh Chandan,HY-DYN,-,-,-,-,-,-,3.95,5.08,5.23,-6.81,Hybrid : Dynamic Asset Allocation
Bajaj Finserv Banking and PSU Fund Reg(G),Siddharth Chaudhary,DT-B&PSU,-,-,-,-,-,-,2.07,1.48,2.69,1.36,Debt : Banking & PSU
Bajaj Finserv Consumption Fund Reg(G),Nimesh Chandan,EQ-CONS,-,-,-,-,-,-,-,-,-,-,Equity : Thematic - Consumption
Bajaj Finserv Flexi Cap Fund Reg(G),Nimesh Chandan,EQ-FLEX,-,-,-,-,-,10.01,5.33,17.63,7.96,-5.48,Equity : Flexi Cap
Bajaj Finserv Large and Mid Cap Fund Reg(G),Nimesh Chandan,EQ-L&M,-,-,-,-,-,-,-,14.78,8.13,-5.32,Equity : Large & Mid Cap
Bajaj Finserv Large Cap Fund Reg(G),Nimesh Chandan,EQ-LC,-,-,-,-,-,-,-,-,-,-8.3,Equity : Large Cap
Bajaj Finserv Liquid Fund Reg(G),Siddharth Chaudhary,DT-LIQ,-,-,-,-,-,1.75,1.83,1.78,1.77,1.72,Debt : Liquid
Bajaj Finserv Money Market Fund Reg(G),Siddharth Chaudhary,DT-MM,-,-,-,-,-,1.62,1.87,1.64,1.79,1.71,Debt : Money Market
Bajaj Finserv Multi Asset Allocation Fund Reg(G),Nimesh Chandan,HY-MULTI,-,-,-,-,-,-,-,-,6.36,-6.28,Hybrid : Multi Asset Allocation
Bajaj Finserv Nifty 1D Rate Liquid ETF(G),Siddharth Chaudhary,DT-ETF,-,-,-,-,-,-,-,-,1.62,1.53,Debt : ETFs
Bajaj Finserv Nifty 50 ETF,Ilesh Savla,EQ-ETF,-,-,-,-,-,-,-,8.09,7.78,-8.26,Equity : ETFs
Bajaj Finserv Nifty Bank ETF,Ilesh Savla,EQ-ETF,-,-,-,-,-,-,-,11.7,1.48,-4.04,Equity : ETFs
Bajaj Finserv Overnight Fund Reg(G),Siddharth Chaudhary,DT-ON,-,-,-,-,-,1.69,1.65,1.62,1.61,1.62,Debt : Overnight
Bandhan All Seasons Bond Fund Reg(G),Harshal Joshi,FOF-DOM,1.14,1.56,1.65,1.84,1.28,1.84,1.86,1.68,2.49,1.54,FoFs : Domestic
Bandhan Arbitrage Fund Reg(G),Nemish Sheth,HY-ARB,0.87,1.41,1.68,1.8,1.86,1.6,2.02,1.9,1.67,1.74,Hybrid : Arbitrage
Bandhan Asset Alloc FoF Aggr Reg(G),Viraj Kulkarni,FOF-DOM,7.49,0.98,-2.25,11.06,3.18,9.22,4.14,7.95,6.89,-3.8,FoFs : Domestic
Bandhan Asset Alloc FoF Cons Reg(G),Viraj Kulkarni,FOF-DOM,3.48,1.35,0.23,4.73,1.69,4.03,2.59,3.6,3.57,-0.61,FoFs : Domestic
Bandhan Asset Alloc FoF Mod Reg(G),Viraj Kulkarni,FOF-DOM,5.6,1.07,-0.93,8.12,2.25,6.9,3.45,6.03,5.67,-1.92,FoFs : Domestic
Bandhan Balanced Advantage Fund Reg(G),Manish Gunwani,HY-DYN,7.78,0.55,-2.15,8.82,2.44,5.33,3.08,6.48,5.24,-0.81,Hybrid : Dynamic Asset Allocation
Bandhan Banking & PSU Debt Fund Reg(G),Suyash Choudhary,DT-B&PSU,1.2,1.46,1.68,1.88,1.41,1.6,1.87,1.65,2.3,1.55,Debt : Banking & PSU
Bandhan Bond Fund   Income Plan Reg(G),Suyash Choudhary,DT-LD,1.06,1.6,1.7,1.97,0.53,1.63,2.7,1.61,2.83,0.59,Debt : Long Duration
Bandhan Bond Fund   Medium Term Plan Reg(G),Suyash Choudhary,DT-MD,1.03,1.69,1.71,1.8,0.83,1.94,1.97,1.43,2.7,1.3,Debt : Medium Duration
Bandhan Bond Fund   Short Term Plan Reg(G),Suyash Choudhary,DT-SD,1.16,1.69,1.7,1.86,1.22,1.96,1.9,1.73,2.5,1.5,Debt : Short Duration
Bandhan BSE Healthcare Index Fund Reg(G),Nemish Sheth,EQ-INDX,-,-,-,-,-,-,-,-,-,2.08,Equity : Index Funds
Bandhan BSE Sensex ETF,Nemish Sheth,EQ-ETF,8.55,6.08,-2.93,10.24,1.98,9.83,2.01,7.8,6.83,-7.2,Equity : ETFs
Bandhan Business Cycle Fund Reg(G),Vishal Biraia,EQ-THEM,-,-,-,-,-,-,-,-,-,-2.51,Equity : Thematic
Bandhan Conservative Hybrid Fund Reg(G),Viraj Kulkarni,HY-DT(CO),2.45,0.8,-0.1,4.23,1.08,4,1.8,4.12,3.65,-1.95,Hybrid : Debt Oriented (Conservative)
Bandhan Core Equity Fund Reg(G),Manish Gunwani,EQ-L&M,12.76,5.6,-3.86,13.25,9.92,13.83,7.9,14.88,10.87,-6.29,Equity : Large & Mid Cap
Bandhan Corp Bond Fund Reg(G),Suyash Choudhary,DT-CORP,1.19,1.51,1.54,1.89,1.6,1.61,1.74,1.65,2.5,1.57,Debt : Corporate Bond
Bandhan Credit Risk Fund Reg(G),Gautam Kaul,DT-CR,1.35,1.58,1.44,1.53,1.15,1.54,1.9,1.7,2.1,1.48,Debt : Credit Risk
Bandhan CRISIL IBX 90:10 SDL Plus Gilt   April 2032 Index Fund Reg(G),Gautam Kaul,DT-LD,-,-,1.55,3.12,1.45,1.03,3.04,1.8,3.25,1.48,Debt : Long Duration
Bandhan CRISIL IBX 90:10 SDL Plus Gilt   Nov 2026 Index Fund Reg(G),Gautam Kaul,DT-M&LD,-,-,1.76,1.92,1.2,1.8,1.92,1.97,2.2,1.51,Debt : Medium to Long Duration
Bandhan CRISIL IBX 90:10 SDL Plus Gilt   Sep 2027 Index Fund Reg(G),Gautam Kaul,DT-GILT,-,-,2.05,1.95,1.13,1.82,1.89,2.13,2.41,1.39,Debt : Gilt
Bandhan CRISIL IBX Gilt April 2026 Index Fund Reg(G),Gautam Kaul,DT-GILT,-,-,1.66,1.91,1.15,2.11,1.7,1.74,2.05,1.49,Debt : Gilt
Bandhan CRISIL IBX Gilt April 2028 Index Fund Reg(G),Harshal Joshi,DT-GILT,1.53,1.9,2.02,2,1.19,2.09,1.81,1.85,2.5,1.37,Debt : Gilt
Bandhan CRISIL IBX Gilt April 2032 Index Fund Reg(G),Gautam Kaul,DT-LD,-,-,-,2.73,1.01,2.01,2.39,1.78,3.55,1.1,Debt : Long Duration
Bandhan CRISIL IBX Gilt June 2027 Index Fund Reg(G),Harshal Joshi,DT-GILT,1.3,1.95,1.89,1.99,1.14,2.12,1.76,1.83,2.36,1.42,Debt : Gilt
Bandhan Dynamic Bond Fund Reg(G),Suyash Choudhary,DT-DYN,0.99,1.65,1.94,1.88,0.62,1.78,4.33,2.16,3.38,-0.18,Debt : Dynamic Bond
Bandhan ELSS Tax Saver Fund Reg(G),Daylynn Pinto,EQ-ELSS,11.45,4.02,-2.79,13.23,6.93,9,5.5,8.94,7.14,-8.14,Equity : Tax Saving (ELSS)
Bandhan Equity Savings Fund Reg(G),Nemish Sheth,HY-EQ,2.87,1.51,0.14,4.12,2.16,2.92,2,3,2.32,0.09,Hybrid : Equity Oriented
Bandhan Financial Services Fund Reg(G),Ritu Modi,EQ-FIN,-,-,-,-,-,14.04,1.68,11.62,9.08,-4.21,Equity : Sectoral - Financial Services
Bandhan Flexi Cap Fund Reg(G),Manish Gunwani,EQ-FLEX,13.99,1.05,-5.44,12.33,5.96,10.58,4.18,11.16,8.63,-8.65,Equity : Flexi Cap
Bandhan Floating Rate Fund Reg(G),Brijesh Shah,DT-FL,1.15,1.49,1.63,1.83,1.51,1.62,1.77,1.8,2.5,1.65,Debt : Floater
Bandhan Focused Equity Fund Reg(G),Manish Gunwani,EQ-MLC,10.69,-0.65,-2.69,15.83,1.75,14.48,3.63,11.87,11.22,1.06,Equity : Multi Cap
Bandhan G Sec Constant Maturity Plan Reg(G),Harshal Joshi,DT-GL10Y,1.92,2.07,1.75,2.75,0.72,2,2.88,1.85,3.56,1.07,Debt : Gilt (10 Yr Constant Duration)
Bandhan G Sec Invest Reg(G),Suyash Choudhary,DT-GILT,1.08,1.75,2.03,1.98,0.7,1.88,4.53,2.3,3.5,-0.07,Debt : Gilt
Bandhan Hybrid Equity Fund Reg(G),Prateek Poddar,HY-EQ,8.97,1.77,-2.54,10.13,4.02,7.83,3.63,7.05,11.95,-2.6,Hybrid : Equity Oriented
Bandhan Infrastructure Fund Reg(G),Vishal Biraia,EQ-INFRA,16.53,2.25,1.41,16.23,11.82,14.04,16.21,25.7,3.46,-7.81,Equity : Sectoral - Infrastructure
Bandhan Innovation Fund Reg(G),Manish Gunwani,EQ-THEM,-,-,-,-,-,-,-,-,18.2,-0.4,Equity : Thematic
Bandhan Large Cap Fund Reg(G),Manish Gunwani,EQ-LC,10.48,1.47,-3.15,13.11,2.26,13.16,5.76,10.64,8.91,-6.86,Equity : Large Cap
Bandhan Liquid Fund Reg(G),Harshal Joshi,DT-LIQ,1.26,1.59,1.66,1.71,1.7,1.74,1.84,1.77,1.76,1.73,Debt : Liquid
Bandhan Long Duration Fund Reg(G),Gautam Kaul,DT-LD,-,-,-,-,-,-,-,2.38,3.61,0.08,Debt : Long Duration
Bandhan Low Duration Fund Reg(G),Harshal Joshi,DT-LOWD,1.17,1.58,1.71,1.82,1.58,1.65,1.85,1.75,1.83,1.7,Debt : Low Duration
Bandhan Midcap Fund Reg(G),Ritu Modi,EQ-MID,-,-1.48,-2.09,14.86,9.38,11.69,4.03,20.24,8.04,-2.32,Equity : Mid Cap
Bandhan Money Manager Fund Reg(G),Brijesh Shah,DT-MM,1.07,1.42,1.66,1.75,1.55,1.54,1.84,1.64,1.78,1.75,Debt : Money Market
Bandhan Multi Asset Allocation Fund Reg(G),Viraj Kulkarni,HY-MULTI,-,-,-,-,-,-,-,9.17,6.45,-4.34,Hybrid : Multi Asset Allocation
Bandhan Multi Cap Fund Reg(G),Daylynn Pinto,EQ-MLC,13.56,3.77,-3.06,12.45,7.34,10.77,4.74,13.41,7.99,-6.87,Equity : Multi Cap
Bandhan Nifty 100 Index Fund Reg(G),Nemish Sheth,EQ-INDX,9.73,4.62,-5.91,11.37,2.68,11.98,4.6,9.36,7.63,-8.91,Equity : Index Funds
Bandhan Nifty 50 ETF,Nemish Sheth,EQ-ETF,8.7,6.06,-4.03,11,2.68,10.81,2.91,8.07,7.76,-8.25,Equity : ETFs
Bandhan Nifty 50 Index Fund Reg(G),Nemish Sheth,EQ-INDX,8.61,5.88,-4.2,10.85,2.54,10.68,2.78,7.89,7.55,-8.44,Equity : Index Funds
Bandhan Nifty 500 Momentum 50 Index Fund Reg(G),Nemish Sheth,EQ-INDX,-,-,-,-,-,-,-,-,-,-,Equity : Index Funds
Bandhan Nifty 500 Value 50 Index Fund Reg(G),Nemish Sheth,EQ-INDX,-,-,-,-,-,-,-,-,-,-,Equity : Index Funds
Bandhan Nifty Alpha 50 Index Fund Reg(G),Nemish Sheth,EQ-INDX,-,-,-,-,-,-,11.05,18.43,6.59,-7.15,Equity : Index Funds
Bandhan Nifty Bank Index Fund Reg(G),Nemish Sheth,EQ-INDX,-,-,-,-,-,-,-,-,-,-4.26,Equity : Index Funds
Bandhan Nifty IT Index Fund Reg(G),Nemish Sheth,EQ-INDX,-,-,-,-,-,13.31,-1.69,4.26,16.02,3.6,Equity : Index Funds
Bandhan Nifty Midcap 150 Index Fund Reg(G),Nemish Sheth,EQ-INDX,-,-,-,-,-,-,-,-,-,-5.42,Equity : Index Funds
Bandhan Nifty Smallcap 250 Index Fund Reg(G),Nemish Sheth,EQ-INDX,-,-,-,-,-,-,2.11,18.97,7.52,-3.74,Equity : Index Funds
Bandhan Nifty Total Market Index Fund Reg(G),Nemish Sheth,EQ-INDX,-,-,-,-,-,-,-,-,-,-7.66,Equity : Index Funds
Bandhan Nifty100 Low Volatility 30 Index Fund Reg(G),Nemish Sheth,EQ-INDX,-,-,-1.59,11.8,2.88,14.53,4.98,5.16,12.35,-10.63,Equity : Index Funds
Bandhan Nifty200 Momentum 30 Index Fund Reg(G),Nemish Sheth,EQ-INDX,-,1.26,-6.15,16.46,8.73,17.27,12.65,14.16,6.56,-12.79,Equity : Index Funds
Bandhan Overnight Fund Reg(G),Brijesh Shah,DT-ON,1.26,1.48,1.53,1.6,1.62,1.68,1.64,1.62,1.6,1.6,Debt : Overnight
Bandhan Retirement Fund Reg(G),Vishal Biraia,HY-SOL,-,-,-,-,-,-,4.57,7.4,4.47,-3.89,Hybrid : Solution Oriented
Bandhan Small Cap Fund Reg(G),Manish Gunwani,EQ-SML,12.58,-0.56,-5.17,19.33,16.69,16.32,4.66,19.78,18.03,-3.28,Equity : Small Cap
Bandhan Sterling Value Fund Reg(G),Daylynn Pinto,EQ-VAL,12.75,3.18,-1.87,13.69,7.97,10.1,7,11.23,7.45,-7.71,Equity : Value / Contra
Bandhan Transportation and Logistics Fund Reg(G),Daylynn Pinto,EQ-AUTO,-,-,-3.18,18.9,8.06,12.08,9.23,19.2,5.36,-13.08,Equity : Sectoral - Auto
Bandhan Ultra Short Term Fund Reg(G),Harshal Joshi,DT-USD,1.21,1.53,1.74,1.8,1.65,1.65,1.9,1.81,1.79,1.75,Debt : Ultra Short Duration
Bandhan US Equity FoF Reg(G),Ritika Behera,FOF-OVR,3.98,2.64,7.42,13.18,-1.43,12.14,15.29,7.62,0.49,7.98,FoFs : Overseas
Bandhan US Equity FoF Reg(IDCW),Ritika Behera,FOF-OVR,3.98,2.64,7.42,13.18,-1.43,12.14,15.29,7.62,0.49,7.98,FoFs : Overseas
Bandhan US Treasury Bond 0 1 year FoF Reg(G),Brijesh Shah,FOF-OVR,-,-,-,0.73,2.45,1.41,1.52,1.35,1.8,3.06,FoFs : Overseas
Bank of India Arbitrage Fund Reg(G),Firdaus Marazban Ragina,HY-ARB,0.58,1.04,1.43,1.54,1.69,1.45,1.76,1.75,1.62,1.64,Hybrid : Arbitrage
Bank of India Balanced Advantage Fund Reg(G),Alok Singh,HY-DYN,5.11,5.42,-3.15,8.14,3.06,9.69,4.59,5.93,2.89,-6.65,Hybrid : Dynamic Asset Allocation
Bank of India Bluechip Fund Reg(G),Alok Singh,EQ-LC,12.26,2.59,-4.95,11.98,5.7,15.35,8.2,9.18,3.71,-7.69,Equity : Large Cap
Bank of India Business Cycle Fund Reg(G),Alok Singh,EQ-THEM,-,-,-,-,-,-,-,-,-,-2.58,Equity : Thematic
Bank of India Conservative Hybrid Fund Reg(G),Alok Singh,HY-DT(CO),2.76,2.1,-0.1,3.67,2.71,4.25,3.42,2.94,1.12,-0.61,Hybrid : Debt Oriented (Conservative)
Bank of India Credit Risk Fund Reg(G),Alok Singh,DT-CR,1.15,1.29,1.21,1.52,1.42,1.29,2.5,1.05,1.03,1.31,Debt : Credit Risk
Bank of India ELSS Tax Saver Reg(G),Alok Singh,EQ-ELSS,13.85,3.98,-4.68,12.04,10.47,14.24,9.29,14.62,1.86,-4.7,Equity : Tax Saving (ELSS)
Bank of India Flexi Cap Fund Reg(G),Alok Singh,EQ-FLEX,12.27,4.24,-5.07,12.37,12.04,15.37,9.9,16.49,4.75,-3.83,Equity : Flexi Cap
Bank of India Large & Mid Cap Equity Fund Reg(G),Nitin Gosar,EQ-L&M,13.49,3.63,-4.26,10.87,7.64,13.2,5.9,13.86,4.05,-7.07,Equity : Large & Mid Cap
Bank of India Liquid Fund Reg(G),Mithraem Bharucha,DT-LIQ,1.29,1.64,1.65,1.74,1.72,1.77,1.87,1.81,1.8,1.76,Debt : Liquid
Bank of India Mfg & Infra Fund Reg(G),Nitin Gosar,EQ-INFRA,15.91,2.85,-0.99,14.35,11.99,14.11,8.95,18.44,6.04,-8.14,Equity : Sectoral - Infrastructure
Bank of India Mid & Small Cap Equity & Debt Fund Reg(G),Alok Singh,HY-EQ,12.29,3.12,-3.5,10.64,13.66,10.17,5.39,15.13,4.28,-0.59,Hybrid : Equity Oriented
Bank of India Multi Asset Allocation Fund Reg(G),Mithraem Bharucha,HY-MULTI,-,-,-,-,-,-,-,7.86,2.45,-2.35,Hybrid : Multi Asset Allocation
Bank of India Multi Cap Fund Reg(G),Nitin Gosar,EQ-MLC,-,-,-,13.83,11.36,12.57,5.9,15.05,6.74,-5.94,Equity : Multi Cap
Bank of India Overnight Fund Reg(G),Mithraem Bharucha,DT-ON,1.28,1.52,1.57,1.64,1.67,1.71,1.68,1.65,1.64,1.65,Debt : Overnight
Bank of India Short Term Income Fund Reg(G),Mithraem Bharucha,DT-SD,1,8.69,1.52,1.54,1.14,1.63,1.81,1.48,2.3,3.21,Debt : Short Duration
Bank of India Small Cap Fund Reg(G),Alok Singh,EQ-SML,17.42,-1.14,-4.44,17.42,12.81,11.24,1.03,21.07,9.82,-3.26,Equity : Small Cap
Bank of India Ultra Short Duration Fund Reg(G),Mithraem Bharucha,DT-USD,1.2,1.51,1.57,1.6,1.46,1.45,1.66,1.56,1.7,1.6,Debt : Ultra Short Duration
Baroda BNP Paribas Aggressive Hybrid Fund Reg(G),Jitendra Sriram,HY-EQ,7.3,4.04,-2.29,9.05,4.32,8.88,7.81,8.49,6.01,-3.83,Hybrid : Equity Oriented
Baroda BNP Paribas Aqua FoF Reg(G),Swapna Shelar,FOF-OVR,-2.78,15.2,8.17,2.77,-5.74,15.24,5.48,-5.02,11.16,-9.09,FoFs : Overseas
Baroda BNP Paribas Arbitrage Fund Reg(G),Neeraj Saxena,HY-ARB,0.7,1.34,1.61,1.76,2.02,1.6,2.01,1.99,1.67,1.59,Hybrid : Arbitrage
Baroda BNP Paribas Balanced Advantage Fund Reg(G),Sanjay Chawla,HY-DYN,9.21,3.77,-1.48,9.54,3.19,8.72,3.91,7.25,5.13,-1.88,Hybrid : Dynamic Asset Allocation
Baroda BNP Paribas Banking and Fin Serv Fund Reg(G),Sandeep Jain,EQ-FIN,14.63,8.72,-7.54,12.19,1.98,13.87,-1.06,10.22,7.25,-3.82,Equity : Sectoral - Financial Services
Baroda BNP Paribas Banking and PSU Bond Fund Reg(G),Gurvinder Singh Wasan,DT-B&PSU,1.27,1.27,1.55,1.94,1.22,1.44,2.2,1.47,2.51,1.42,Debt : Banking & PSU
Baroda BNP Paribas Business Cycle Fund Reg(G),Jitendra Sriram,EQ-THEM,10.2,4.95,-2.83,10.09,6.2,15.29,7.25,11.02,7.29,-5.67,Equity : Thematic
Baroda BNP Paribas Conservative Hybrid Fund Reg(G),Pratish Krishnan,HY-DT(CO),3.35,1.54,0.51,4.36,1.68,4.1,2.78,3.35,3.19,0.18,Hybrid : Debt Oriented (Conservative)
Baroda BNP Paribas Corp Bond Fund(G),Gurvinder Singh Wasan,DT-CORP,1.36,1.46,1.58,2.44,1.25,1.53,2.29,1.55,2.76,1.46,Debt : Corporate Bond
Baroda BNP Paribas Credit Risk Fund Reg(G),Gurvinder Singh Wasan,DT-CR,1.95,1.47,1.71,2.05,1.67,1.73,2.07,1.75,2.5,1.62,Debt : Credit Risk
Baroda BNP Paribas Dividend Yield Fund Reg(G),Shiv Chanani,EQ-DIV,-,-,-,-,-,-,-,-,-,-8.02,Equity : Thematic - Dividend Yield
Baroda BNP Paribas Dynamic Bond Fund(G),Prashant Pimple,DT-DYN,2.28,1.68,1.77,2.46,0.9,1.65,2.43,1.76,3.04,0.82,Debt : Dynamic Bond
Baroda BNP Paribas ELSS Tax Saver Fund Reg(G),Sanjay Chawla,EQ-ELSS,9.49,2.85,-3.7,12.92,4.19,15.87,4.23,12.91,8.35,-3.09,Equity : Tax Saving (ELSS)
Baroda BNP Paribas Equity Savings Fund Reg(G),Pratish Krishnan,HY-EQ,5.11,1.68,-0.27,5.59,1.75,5.94,2.62,4.54,4.09,-0.72,Hybrid : Equity Oriented
Baroda BNP Paribas Flexi Cap Fund Reg(G),Sanjay Chawla,EQ-FLEX,-,3.53,-3.93,12.66,5.11,11.94,5.54,12.55,8.43,-5.46,Equity : Flexi Cap
Baroda BNP Paribas Floater Fund Reg(G),Prashant Pimple,DT-FL,-,-,-,-,2.11,1.52,2.09,2.09,1.98,0,Debt : Floater
Baroda BNP Paribas Focused Fund Reg(G),Sanjay Chawla,EQ-FLEX,9.2,2.05,-3.48,12.5,6.34,9.64,6.47,14.07,3.83,-7.44,Equity : Flexi Cap
Baroda BNP Paribas Gilt Fund Reg(G),Gurvinder Singh Wasan,DT-GILT,1.64,1.66,1.77,2.88,0.91,1.57,2.82,1.73,3.45,1.25,Debt : Gilt
Baroda BNP Paribas Gold ETF,Gurvinder Singh Wasan,GOLD-ETF,-,-,-,-,-,-,6.08,6.48,4.61,1,Gold : ETFs
Baroda BNP Paribas India Consumption Fund Reg(G),Shiv Chanani,EQ-CONS,15.26,-2.71,-3.13,15.92,3.66,10.85,4.08,11.94,14.41,-8.14,Equity : Thematic - Consumption
Baroda BNP Paribas Innovation Fund Reg(G),Pratish Krishnan,EQ-THEM,-,-,-,-,-,-,-,15.27,9.75,-1.47,Equity : Thematic
Baroda BNP Paribas Large & Mid Cap Fund Reg(G),Sanjay Chawla,EQ-L&M,10.45,4.9,-3.6,13.51,5.09,12.95,9.49,11.12,9.04,-3.6,Equity : Large & Mid Cap
Baroda BNP Paribas Large Cap Fund Reg(G),Jitendra Sriram,EQ-LC,8.4,4.93,-2.68,9.71,4.92,11.4,9.23,10.73,7.73,-7.83,Equity : Large Cap
Baroda BNP Paribas Liquid Fund(G),Vikram Pamnani,DT-LIQ,1.29,1.62,1.68,1.71,1.7,1.74,1.83,1.77,1.76,1.73,Debt : Liquid
Baroda BNP Paribas Low Duration Fund(G),Vikram Pamnani,DT-LOWD,1.32,1.38,1.67,1.72,1.62,1.56,1.79,1.61,1.8,1.61,Debt : Low Duration
Baroda BNP Paribas Manufacturing Fund Reg(G),Jitendra Sriram,EQ-THEM,-,-,-,-,-,-,-,-,3.53,-8.95,Equity : Thematic
Baroda BNP Paribas Medium Duration Fund Reg(G),Prashant Pimple,DT-MD,1.94,1.81,1.66,2.33,1.36,1.44,2.19,1.51,1.78,0,Debt : Medium Duration
Baroda BNP Paribas Mid Cap Fund Reg(G),Shiv Chanani,EQ-MID,12.64,2.04,-3.71,12.8,10.9,10.05,6.67,17.65,6.6,-3.91,Equity : Mid Cap
Baroda BNP Paribas Money Market Fund Reg(G),Vikram Pamnani,DT-MM,1.07,1.48,1.71,1.78,1.61,1.62,1.84,1.72,1.83,1.76,Debt : Money Market
Baroda BNP Paribas Multi Asset Fund Reg(G),Jitendra Sriram,HY-MULTI,-,-,0.16,5.54,4.36,11.01,5.07,9.07,6.54,-6.22,Hybrid : Multi Asset Allocation
Baroda BNP Paribas Multi Cap Fund Reg(G),Sanjay Chawla,EQ-MLC,10.98,3.21,-3.45,13.85,5.25,13.06,7.69,14.61,7.32,-0.55,Equity : Multi Cap
Baroda BNP Paribas Nifty 50 Index Fund Reg(G),Neeraj Saxena,EQ-INDX,-,-,-,-,-,-,-,8.07,7.57,-8.37,Equity : Index Funds
Baroda BNP Paribas NIFTY Bank ETF,Neeraj Saxena,EQ-ETF,-,-,-,-,-,-,-,-,1.36,-4.02,Equity : ETFs
Baroda BNP Paribas NIFTY Midcap 150 Index Fund Reg(G),Neeraj Saxena,EQ-INDX,-,-,-,-,-,-,-,-,-,-,Equity : Index Funds
Baroda BNP Paribas NIFTY SDL Dec 2026 Index Fund Reg(G),Gurvinder Singh Wasan,DT-M&LD,-,-,-,1.91,1.15,1.67,1.95,1.98,2.29,1.47,Debt : Medium to Long Duration
Baroda BNP Paribas NIFTY SDL Dec 2028 Index Fund Reg(G),Gurvinder Singh Wasan,DT-M&LD,-,-,-,2.28,1.12,1.84,1.92,1.86,2.94,1.3,Debt : Medium to Long Duration
Baroda BNP Paribas Nifty200 Momentum 30 Index Fund Reg(G),Neeraj Saxena,EQ-INDX,-,-,-,-,-,-,-,-,-,-,Equity : Index Funds
Baroda BNP Paribas Overnight Fund Reg(G),Vikram Pamnani,DT-ON,1.27,1.49,1.54,1.62,1.63,1.68,1.64,1.62,1.61,1.61,Debt : Overnight
Baroda BNP Paribas Retirement Fund Reg(G),Pratish Krishnan,HY-SOL,-,-,-,-,-,-,-,-,6.54,-2.57,Hybrid : Solution Oriented
Baroda BNP Paribas Short Duration Fund Reg(G),Gurvinder Singh Wasan,DT-SD,1.49,1.48,1.69,2.04,1.5,1.58,1.94,1.58,2.46,1.49,Debt : Short Duration
Baroda BNP Paribas Small Cap Fund Reg(G),Shiv Chanani,EQ-SML,-,-,-,-,-,-,3.02,16.93,7.83,-4.21,Equity : Small Cap
Baroda BNP Paribas Ultra Short Duration Fund Reg(G),Vikram Pamnani,DT-USD,1.44,1.65,1.8,1.82,1.72,1.68,1.91,1.74,1.87,1.76,Debt : Ultra Short Duration
Baroda BNP Paribas Value Fund Reg(G),Shiv Chanani,EQ-VAL,-,-,-,-,6.06,12.81,8.26,9.4,6.27,-8.82,Equity : Value / Contra
Bharat 22 ETF,Nishit Patel,EQ-ETF,12.27,10.54,2.86,13.66,13.82,19.84,10.93,10.14,7.95,-10.37,Equity : ETFs
BHARAT Bond ETF   April 2025,Dhawal Dalal,DT-ETF,1.39,1.59,1.69,2.01,1.65,1.65,1.96,1.86,1.89,1.86,Debt : ETFs
BHARAT Bond ETF   April 2030,Dhawal Dalal,DT-ETF,2.33,2.2,1.57,2.72,1.16,1.69,2.55,1.6,3.11,1.48,Debt : ETFs
BHARAT Bond ETF   April 2031,Dhawal Dalal,DT-ETF,2.24,2.49,1.44,3,1.08,1.61,2.84,1.27,3.56,1.32,Debt : ETFs
BHARAT Bond ETF   April 2032,Dhawal Dalal,DT-ETF,2.31,2.53,1.36,3.17,1.04,1.62,2.92,1.66,3.4,1.51,Debt : ETFs
BHARAT Bond ETF   April 2033,Dhawal Dalal,DT-ETF,-,-,1.03,3.07,1.18,1.58,3.02,1.76,3.45,1.5,Debt : ETFs
BHARAT Bond ETF FOF   April 2032  Reg(G),Rahul Dedhia,FOF-DOM,2.5,2.84,1.17,2.71,1.44,1.54,2.57,1.8,3.18,1.42,FoFs : Domestic
BHARAT Bond ETF FOF   April 2033  Reg(G),Rahul Dedhia,FOF-DOM,-,-,1.26,3.36,0.87,1.39,3.49,1.59,3.04,1.53,FoFs : Domestic
BHARAT Bond FOF   April 2025  Reg(G),Rahul Dedhia,FOF-DOM,1.26,1.86,1.39,2.22,1.62,1.54,1.82,1.79,1.82,2.1,FoFs : Domestic
BHARAT Bond FOF   April 2030  Reg(G),Rahul Dedhia,FOF-DOM,2.6,2.27,1.54,2.72,1.15,1.45,2.59,1.85,2.59,1.51,FoFs : Domestic
BHARAT Bond FOF   April 2031  Reg(G),Rahul Dedhia,FOF-DOM,2.48,2.66,1.12,3.25,0.81,1.51,2.83,1.13,3.58,1.25,FoFs : Domestic
Canara Rob Balanced Advantage Fund Reg(G),Shridatta Bhandwaldar,HY-DYN,-,-,-,-,-,-,-,-,-,-4.03,Hybrid : Dynamic Asset Allocation
Canara Rob Banking and PSU Debt Fund Reg(G),Suman Prasad,DT-B&PSU,-,1.52,1.47,1.84,1.35,1.41,2.04,1.65,2.26,1.51,Debt : Banking & PSU
Canara Rob Bluechip Equity Fund Reg(G),Shridatta Bhandwaldar,EQ-LC,9.14,3.97,-3.17,11.57,2.6,10.26,5.54,9.59,8.23,-5.91,Equity : Large Cap
Canara Rob Conservative Hybrid Fund Reg(G),Avnish Jain,HY-DT(CO),3.25,1.97,-0.12,3.93,2.14,3.44,1.81,4.02,4.32,-0.29,Hybrid : Debt Oriented (Conservative)
Canara Rob Consumer Trends Fund Reg(G),Ennettee Fernandes,EQ-CONS,18.48,-0.79,-4.31,15.25,3.44,10.77,5.21,10.93,12.84,-8.63,Equity : Thematic - Consumption
Canara Rob Corp Bond Fund Reg(G),Avnish Jain,DT-CORP,1.06,1.46,1.4,1.79,1.25,1.44,1.93,1.66,2.36,1.36,Debt : Corporate Bond
Canara Rob Dynamic Bond Fund Reg(G),Kunal Jain,DT-DYN,1.21,1.76,1.59,1.67,0.72,1.57,2.79,1.53,2.95,0.23,Debt : Dynamic Bond
Canara Rob ELSS Tax Saver Reg(G),Vishal Mishra,EQ-ELSS,11.84,2.49,-3.82,11.63,3.41,11.41,3.69,11.59,8.87,-6.72,Equity : Tax Saving (ELSS)
Canara Rob Emerg Equities Fund Reg(G),Amit Nadekar,EQ-L&M,11.6,0.98,-4.43,12.46,4.32,10.64,5.16,15.45,7.66,-3.37,Equity : Large & Mid Cap
Canara Rob Equity Hybrid Fund Reg(G),Ennettee Fernandes,HY-EQ,8.19,3.07,-2.59,9.44,3.14,9.06,3.45,8.58,7.81,-4.73,Hybrid : Equity Oriented
Canara Rob Flexi Cap Fund Reg(G),Shridatta Bhandwaldar,EQ-FLEX,10.03,3.1,-3.81,12.02,2.76,10.94,4.69,10.71,8.42,-6.19,Equity : Flexi Cap
Canara Rob Focused Equity Fund Reg(G),Shridatta Bhandwaldar,EQ-MLC,12.89,3.02,-3.64,11.91,3.82,10.25,6.29,9.78,10.78,-4.42,Equity : Multi Cap
Canara Rob Gilt Fund Reg(G),Kunal Jain,DT-GILT,1.2,1.83,1.89,1.78,0.89,1.78,3.04,1.74,3.36,0.37,Debt : Gilt
Canara Rob Income Fund Reg(G),Avnish Jain,DT-M&LD,1.22,1.55,1.52,1.69,0.77,1.52,2.3,1.71,2.75,0.66,Debt : Medium to Long Duration
Canara Rob Infrastructure Fund Reg(G),Vishal Mishra,EQ-INFRA,15.53,1.74,0.02,13.73,8.41,14.5,9.21,27.42,4.29,-6.79,Equity : Sectoral - Infrastructure
Canara Rob Liquid Fund Reg(G),Kunal Jain,DT-LIQ,1.29,1.62,1.67,1.72,1.71,1.76,1.85,1.8,1.78,1.74,Debt : Liquid
Canara Rob Manufacturing Fund Reg(G),Pranav Gokhale,EQ-THEM,-,-,-,-,-,-,-,22.74,6.17,-7.18,Equity : Thematic
Canara Rob Mid Cap Fund Reg(G),Pranav Gokhale,EQ-MID,-,-,-2.32,13.34,7.39,10.71,5.6,18.31,8.11,-5.8,Equity : Mid Cap
Canara Rob Multi Cap Fund Reg(G),Shridatta Bhandwaldar,EQ-MLC,-,-,-,-,-,13.52,1.29,15.99,8.53,-4.7,Equity : Multi Cap
Canara Rob Overnight Fund Reg(G),Suman Prasad,DT-ON,1.27,1.5,1.55,1.6,1.63,1.69,1.64,1.61,1.6,1.6,Debt : Overnight
Canara Rob Savings Fund Reg(G),Kunal Jain,DT-LOWD,1.11,1.54,1.61,1.89,1.69,1.6,1.86,1.71,1.87,1.74,Debt : Low Duration
Canara Rob Short Duration Fund Reg(G),Suman Prasad,DT-SD,1,1.49,1.46,1.79,1.31,1.54,1.82,1.55,2.21,1.43,Debt : Short Duration
Canara Rob Small Cap Fund Reg(G),Pranav Gokhale,EQ-SML,12.78,0.94,-4.5,15.06,8.89,10.6,0.43,19.33,7.15,-4.03,Equity : Small Cap
Canara Rob Ultra Short Term Fund Reg(G),Kunal Jain,DT-USD,1.07,1.41,1.54,1.65,1.5,1.52,1.7,1.6,1.7,1.62,Debt : Ultra Short Duration
CPSE ETF,Himanshu Mange,EQ-ETF,5.49,9.08,4.31,11.67,20.75,24.86,19.82,18.16,7.37,-15.78,Equity : ETFs
DSP 10Y G Sec Fund Reg(G),Shantanu Godambe,DT-GL10Y,1.7,2.15,1.79,3,0.82,1.89,2.46,1.73,3.34,1.17,Debt : Gilt (10 Yr Constant Duration)
DSP Aggressive Hybrid Fund Reg(G),Abhishek Singh,HY-EQ,10,1.82,-2.05,11.57,5.84,8.35,0.4,11.93,8.93,-3.88,Hybrid : Equity Oriented
DSP Arbitrage Fund Reg(G),Kaivalya Nadkarni,HY-ARB,0.81,1.45,1.66,1.83,1.88,1.56,2.01,1.85,1.64,1.76,Hybrid : Arbitrage
DSP Banking & Financial Services Fund Reg(G),Dhaval Gada,EQ-FIN,-,-,-,-,-,-,-1.69,12.51,10.93,-5.75,Equity : Sectoral - Financial Services
DSP Banking & PSU Debt Fund Reg(G),Shantanu Godambe,DT-B&PSU,1.12,1.51,1.57,2.06,1.35,1.57,2.55,1.68,2.95,1.2,Debt : Banking & PSU
DSP Bond Fund Reg(G),Vivekanand Ramakrishnan,DT-MD,1.36,1.88,1.45,2.2,1.34,1.88,1.94,1.58,2.57,1.32,Debt : Medium Duration
DSP BSE Liquid Rate ETF,Anil Ghelani,DT-ETF,-,-,-,-,-,-,-,1.55,1.54,1.56,Debt : ETFs
DSP BSE Sensex ETF,Anil Ghelani,EQ-ETF,-,-,-,-,-,9.88,2.05,7.87,6.9,-7.21,Equity : ETFs
DSP Corp Bond Fund Reg(G),Shantanu Godambe,DT-CORP,1.56,1.97,1.29,2.08,1.37,1.6,1.96,1.63,2.22,1.66,Debt : Corporate Bond
DSP Credit Risk Fund Reg(G),Vivekanand Ramakrishnan,DT-CR,1,1.54,1.94,1.88,1.65,9.5,1.97,1.73,2.18,1.7,Debt : Credit Risk
DSP CRISIL SDL Plus G Sec Apr 2033 50:50 Index Fund Reg(G),Shantanu Godambe,DT-LD,-,-,-,2.99,1.16,1.41,2.8,1.9,3.44,1.22,Debt : Long Duration
DSP Dynamic Asset Allocation Fund Reg(G),Rohit Singhania,HY-DYN,6.67,0.12,-1.58,7.84,3.44,6.62,0.78,8.39,4.88,-1.92,Hybrid : Dynamic Asset Allocation
DSP ELSS Tax Saver Fund Reg(G),Rohit Singhania,EQ-ELSS,10.04,4.59,-4.37,11.82,7.84,12.71,3.24,16.67,10.06,-6.54,Equity : Tax Saving (ELSS)
DSP Equity Opportunities Fund Reg(G),Rohit Singhania,EQ-L&M,12.23,3.84,-4.05,12.17,8.86,13.07,3.03,18.13,9.02,-6.66,Equity : Large & Mid Cap
DSP Equity Savings Fund Reg(G),Abhishek Singh,HY-EQ,3.58,2.2,-0.25,5.19,2.13,4.71,2.29,4.73,5.43,-0.78,Hybrid : Equity Oriented
DSP Flexi Cap Fund Reg(G),Bhavin Gandhi,EQ-FLEX,13.17,1.82,-3.13,14.82,7.52,10.54,-0.31,16.05,9.68,-6.88,Equity : Flexi Cap
DSP Floater Fund Reg(G),Shantanu Godambe,DT-FL,1.13,1.59,1.63,2.22,2.07,1.74,2.4,1.98,2.85,1.52,Debt : Floater
DSP Focus Fund Reg(G),Vinit Sambre,EQ-MLC,15.4,-2.04,-4.1,14.18,8.1,13.35,-0.14,16.84,9.73,-7.42,Equity : Multi Cap
DSP Gilt Fund Reg(G),Shantanu Godambe,DT-GILT,1.64,1.63,1.69,2.52,0.87,1.83,3.87,2.02,3.59,0.29,Debt : Gilt
DSP Global Allocation FoF Reg(G),Jay Kothari,FOF-OVR,-0.73,6.9,3,2.99,-2.39,8.93,5.45,1.31,4.12,0.3,FoFs : Overseas
DSP Global Clean Energy FoF Reg(G),Jay Kothari,FOF-OVR,2.15,16.34,9.93,1.88,-10.95,13.18,-2.37,-1.07,7.23,-10.03,FoFs : Overseas
DSP Global Innovation FoF Reg(G),Jay Kothari,FOF-OVR,-1.93,3.15,19.78,11.65,-2.11,15.18,10.05,5.13,3.04,1.33,FoFs : Overseas
DSP Gold ETF,Ravi Gehani,GOLD-ETF,-,-,-,-,-0.45,8.95,6.13,6.53,4.6,1,Gold : ETFs
DSP Gold ETF FoF Reg(G),Anil Ghelani,GOLD-MF,-,-,-,-,-,-,5.08,6.81,4.41,0.98,Gold : MFs
DSP Healthcare Fund Reg(G),Chirag Dagli,EQ-PHRM,9.13,4.21,-4.59,14.7,9.6,12.55,10.74,1.88,22.29,1.97,Equity : Sectoral - Pharma
DSP India T.I.G.E.R Fund Reg(G),Charanjit Singh,EQ-INFRA,14.73,5.91,-1.44,14.82,14.8,14.68,9.06,24.72,5.29,-7.56,Equity : Sectoral - Infrastructure
DSP Liquidity Fund Reg(G),Karan Mundhra,DT-LIQ,1.28,1.59,1.65,1.7,1.7,1.74,1.85,1.78,1.79,1.75,Debt : Liquid
DSP Low Duration Fund Reg(G),Karan Mundhra,DT-LOWD,1.15,1.53,1.65,1.9,1.61,1.58,1.86,1.75,1.86,1.73,Debt : Low Duration
DSP Midcap Fund Reg(G),Vinit Sambre,EQ-MID,13.27,-1.47,-4.86,14.43,12.33,13.2,-2.9,21.96,8,-4.26,Equity : Mid Cap
DSP Multi Asset Allocation Fund Reg(G),Aparna Karnik,HY-MULTI,-,-,-,-,-,8.24,4.38,7.17,7.42,-3.09,Hybrid : Multi Asset Allocation
DSP Multicap Fund Reg(G),Chirag Dagli,EQ-MLC,-,-,-,-,-,-,-,18.89,8.49,-5.74,Equity : Multi Cap
DSP Natural Res & New Energy Fund Reg(G),Rohit Singhania,EQ-POWER,6.74,15.35,-1.42,4.79,10.18,15.26,8.74,13.27,6.76,-13.39,Equity : Sectoral - Energy / Power
DSP NIFTY 1D Rate Liquid ETF,Anil Ghelani,DT-ETF,1.18,1.34,1.42,1.52,1.58,1.67,1.58,1.55,1.54,1.54,Debt : ETFs
DSP Nifty 50 Equal Weight ETF,Anil Ghelani,EQ-ETF,12.05,4.64,-4.81,14.62,5.35,13.62,5.34,7.76,10.48,-11.92,Equity : ETFs
DSP Nifty 50 Equal Weight Index Fund Reg(G),Anil Ghelani,EQ-INDX,11.9,4.48,-4.97,14.45,5.19,13.41,5.15,7.55,10.26,-12.06,Equity : Index Funds
DSP Nifty 50 ETF,Anil Ghelani,EQ-ETF,8.65,6.02,-4.02,10.97,2.71,10.84,2.91,8.08,7.77,-8.25,Equity : ETFs
DSP NIFTY 50 Index Fund Reg(G),Anil Ghelani,EQ-INDX,8.58,5.96,-4.13,10.9,2.61,10.73,2.8,7.95,7.65,-8.32,Equity : Index Funds
DSP Nifty Bank ETF,Anil Ghelani,EQ-ETF,-,-,-,10.82,-0.15,8.28,-2.46,11.7,1.42,-4.04,Equity : ETFs
DSP Nifty Bank Index Fund Reg(G),Anil Ghelani,EQ-INDX,-,-,-,-,-,-,-,-,1.19,-4.24,Equity : Index Funds
DSP Nifty Healthcare ETF,Anil Ghelani,EQ-PHRM,-,-,-,-,-,-,-,4.26,17.64,1.31,Equity : Sectoral - Pharma
DSP Nifty IT ETF,Anil Ghelani,EQ-ETF,-,-,-,-,-,12.44,-1.6,4.45,16.13,3.83,Equity : ETFs
DSP Nifty Midcap 150 Quality 50 ETF,Anil Ghelani,EQ-ETF,11.64,-3.84,-4.65,14.13,8.61,8.64,-0.87,20.7,6.33,-5.77,Equity : ETFs
DSP Nifty Midcap 150 Quality 50 Index Fund Reg(G),Anil Ghelani,EQ-INDX,-,-4.07,-4.82,14,8.48,8.47,-1.05,20.51,6.14,-5.93,Equity : Index Funds
DSP NIFTY Next 50 Index Fund Reg(G),Anil Ghelani,EQ-INDX,16.2,-0.52,-10.35,15.82,3.01,18.44,13.55,17.89,7.78,-11.93,Equity : Index Funds
DSP Nifty Private Bank ETF,Anil Ghelani,EQ-ETF,-,-,-,-,-,7.67,-5.34,11.15,1.88,-6.52,Equity : ETFs
DSP Nifty PSU Bank ETF,Anil Ghelani,EQ-ETF,-,-,-,-,-,8.57,22.56,5.75,-8.35,-3.3,Equity : ETFs
DSP Nifty SDL Plus G Sec Jun 2028 30:70 Index Fund Reg(G),Shantanu Godambe,DT-M&LD,1.72,1.91,2,2.1,1.18,2.1,1.85,1.9,2.6,1.4,Debt : Medium to Long Duration
DSP Nifty SDL Plus G Sec Sep 2027 50:50 Index Fund Reg(G),Shantanu Godambe,DT-M&LD,-,-,-,1.95,1.17,1.95,1.85,2.03,2.42,1.39,Debt : Medium to Long Duration
DSP Nifty Smallcap250 Quality 50 Index Fund Reg(G),Anil Ghelani,EQ-INDX,-,-,-,-,-,-,-0.75,20.3,10.7,-5.08,Equity : Index Funds
DSP Nifty Top 10 Equal Weight ETF,Anil Ghelani,EQ-ETF,-,-,-,-,-,-,-,-,-,-5.02,Equity : ETFs
DSP Nifty Top 10 Equal Weight Index Fund Reg(G),Anil Ghelani,EQ-INDX,-,-,-,-,-,-,-,-,-,-5.28,Equity : Index Funds
DSP Overnight Fund Reg(G),Karan Mundhra,DT-ON,1.26,1.49,1.54,1.62,1.63,1.68,1.65,1.62,1.61,1.61,Debt : Overnight
DSP Quant Fund Reg(G),Aparna Karnik,EQ-THEM,12.85,0.21,-4.11,12.09,1.37,9.98,1.78,7.12,11.3,-9.37,Equity : Thematic
DSP Regular Savings Fund Reg(G),Abhishek Singh,HY-DT(CO),2.66,2.57,0.46,4.44,1.96,4.69,2.25,3.91,4.74,-0.28,Hybrid : Debt Oriented (Conservative)
DSP Savings Fund Reg(G),Karan Mundhra,DT-MM,1.2,1.62,1.74,1.89,1.65,1.7,1.9,1.75,1.81,1.71,Debt : Money Market
DSP Short Term Fund Reg(G),Karan Mundhra,DT-SD,1.04,1.48,1.51,2.05,1.35,1.58,1.88,1.58,2.4,1.56,Debt : Short Duration
DSP Silver ETF,Ravi Gehani,GOLD-ETF,-,24.72,0.79,-4.33,4.38,2,1.22,18.01,1.71,-4.14,Gold : ETFs
DSP Small Cap Fund Reg(G),Vinit Sambre,EQ-SML,12.87,0.57,-4.53,20.23,11.07,10.76,-2.38,17.92,10.51,-1.26,Equity : Small Cap
DSP Strategic Bond Fund Reg(G),Sandeep Yadav,DT-DYN,0.7,1.22,1.43,3.65,1.17,1.47,3.64,2.06,3.55,0.36,Debt : Dynamic Bond
DSP Top 100 Equity Fund Reg(G),Abhishek Singh,EQ-LC,11.46,3.47,-3.05,12.22,5.13,10.7,4.63,11.43,10.25,-6.26,Equity : Large Cap
DSP Ultra Short Fund Reg(G),Shalini Vasanta,DT-USD,1.07,1.46,1.58,1.66,1.55,1.73,1.75,1.66,1.7,1.64,Debt : Ultra Short Duration
DSP US Flexible Equity FoF Reg(G),Jay Kothari,FOF-OVR,-0.29,7.58,5.14,7.72,-1.12,8.97,9.23,2.26,1.64,3.72,FoFs : Overseas
DSP US Treasury FoF Reg(G),Jay Kothari,FOF-OVR,-,-,-,-,-,-,-,0.7,5.17,-1.38,FoFs : Overseas
DSP Value Fund Reg(G),Aparna Karnik,EQ-VAL,7.86,3.89,0.45,9.25,4.58,13.19,7.01,6.86,10.69,-4.51,Equity : Value / Contra
DSP World Agriculture Fund Reg(G),Jay Kothari,FOF-OVR,-6.79,8.97,0.88,-3.69,-5.36,3.1,-0.54,-3.75,8.59,-1.99,FoFs : Overseas
DSP World Gold FoF Reg(G),Jay Kothari,FOF-OVR,-10.18,22.99,11.62,-7.89,-7.47,12.43,1.81,8.09,18.24,-10.9,FoFs : Overseas
DSP World Mining FoF Reg(G),Jay Kothari,FOF-OVR,-3.07,24.34,1.88,-5.11,-2.73,6.36,-3.75,2.45,10.15,-15.37,FoFs : Overseas
Edelweiss Aggressive Hybrid Fund Reg(G),Bharat Lahoti,HY-MULTI,8.45,4.36,-1.2,10.09,5.46,9.33,5.89,9.02,8.34,-3.93,Hybrid : Multi Asset Allocation
Edelweiss Arbitrage Fund Reg(G),Bhavesh Jain,HY-ARB,0.85,1.42,1.66,1.79,1.93,1.57,2.14,1.9,1.63,1.81,Hybrid : Arbitrage
Edelweiss ASEAN Equity Off Shore Fund Reg(G),Bhavesh Jain,FOF-OVR,2.28,10.76,1.85,-4.92,-1.25,3.09,1,-0.33,18.13,-3.69,FoFs : Overseas
Edelweiss Balanced Advantage Fund Reg(G),Bhavesh Jain,HY-DYN,6.37,2.57,-1.34,7.96,2.97,8.3,4.36,7.22,5.97,-4.65,Hybrid : Dynamic Asset Allocation
Edelweiss Banking and PSU Debt Fund Reg(G),Dhawal Dalal,DT-B&PSU,1.96,2.02,1.47,2.25,1.07,1.46,2.29,1.5,2.83,1.34,Debt : Banking & PSU
Edelweiss Business Cycle Fund Reg(G),Bhavesh Jain,EQ-THEM,-,-,-,-,-,-,-,-,-,-8.27,Equity : Thematic
Edelweiss CRISIL IBX 50:50 Gilt Plus SDL April 2037 Index Fund Reg(G),Dhawal Dalal,DT-LD,-,-,1.74,3.19,1.06,1.37,3.4,2.04,3.49,1.24,Debt : Long Duration
Edelweiss CRISIL IBX 50:50 Gilt Plus SDL June 2027 Index Fund Reg(G),Dhawal Dalal,DT-M&LD,-,-,1.82,1.98,1.08,1.98,1.81,1.91,2.39,1.46,Debt : Medium to Long Duration
Edelweiss CRISIL IBX 50:50 Gilt Plus SDL Sep 2028 Index Fund Reg(G),Dhawal Dalal,DT-M&LD,-,-,1.96,2.16,1.14,2.03,1.86,1.85,2.77,1.38,Debt : Medium to Long Duration
Edelweiss CRISIL IBX 50:50 Gilt Plus SDL Short Duration Index Fund Reg(G),Rahul Dedhia,DT-SD,-,-,-,1.83,1.22,1.88,1.74,1.87,2.49,1.4,Debt : Short Duration
Edelweiss CRISIL IBX AAA Financial Services Bond   Jan 2028 Index Fund Reg(G),Dhawal Dalal,DT-M&LD,-,-,-,-,-,-,-,-,-,-,Debt : Medium to Long Duration
Edelweiss CRISIL PSU Plus SDL 50:50 Oct 2025 Index Fund Reg(G),Dhawal Dalal,DT-MD,1.36,1.76,1.71,1.84,1.47,1.65,1.87,1.73,1.96,1.64,Debt : Medium Duration
Edelweiss ELSS Tax saver Fund Reg(G),Ashwani Agarwalla,EQ-ELSS,10.2,2.73,-2.38,12.08,3.72,11.7,4.53,13.65,7.07,-5.68,Equity : Tax Saving (ELSS)
Edelweiss Emerging Markets Opp Eq. Offshore Fund Reg(G),Bhavesh Jain,FOF-OVR,-9.01,12.25,2.76,0.18,-4.44,7.21,2.74,5.53,3.45,-5.55,FoFs : Overseas
Edelweiss Equity Savings Fund Reg(G),Bharat Lahoti,HY-EQ,3.81,2.19,-0.03,4.71,3.51,4.24,3.42,4.83,4.09,0.47,Hybrid : Equity Oriented
Edelweiss Europe Dynamic Equity Off shore Fund Reg(G),Bhavesh Jain,FOF-OVR,-3.48,19.64,9.08,1.43,-3.74,10.12,9.48,-1.81,6.71,-8.15,FoFs : Overseas
Edelweiss Flexi Cap Fund Reg(G),Trideep Bhattacharya,EQ-FLEX,11.12,2.95,-2.28,12.2,4.09,13.29,6.04,15.91,8.3,-5.81,Equity : Flexi Cap
Edelweiss Focused Fund Reg(G),Trideep Bhattacharya,EQ-FLEX,-,2.86,-1.39,12.44,3.74,12.83,4.62,14.84,7,-4.66,Equity : Flexi Cap
Edelweiss Gold and Silver ETF FoF Reg(G),Bhavesh Jain,FOF-DOM,-,14.27,6.88,-3.81,1.92,5.22,2.85,12.41,3.52,-2.15,FoFs : Domestic
Edelweiss Gold ETF,Amit Vora,GOLD-ETF,-,-,-,-,-,-,6.13,6.53,4.65,1.01,Gold : ETFs
Edelweiss Government Securities Fund Reg(G),Rahul Dedhia,DT-GILT,1.65,1.69,1.6,1.96,0.72,1.81,3.79,1.79,3.38,0.5,Debt : Gilt
Edelweiss Gr China Equity Off Shore Fund Reg(G),Bhavesh Jain,FOF-OVR,-18.48,15.37,5.77,-8.43,-7.26,-0.14,-1.01,6.3,13.57,-3.97,FoFs : Overseas
Edelweiss Large & Mid Cap Fund Reg(G),Sumanta Khan,EQ-L&M,13.22,1.47,-4.23,13.95,5.9,12.23,4.3,14.5,8.51,-3.95,Equity : Large & Mid Cap
Edelweiss Large Cap Fund Reg(G),Bharat Lahoti,EQ-LC,9.65,5.23,-2.01,11.68,3.8,10.67,5.27,9.71,8.15,-8.23,Equity : Large Cap
Edelweiss Liquid Fund Reg(G),Rahul Dedhia,DT-LIQ,1.26,1.58,1.62,1.68,1.66,1.72,1.84,1.8,1.77,1.74,Debt : Liquid
Edelweiss Mid Cap Fund Reg(G),Trideep Bhattacharya,EQ-MID,16.59,0.19,-2.78,14.96,8.38,14.28,5.34,21.43,9.62,-0.95,Equity : Mid Cap
Edelweiss Money Market Fund Reg(G),Pranavi Kulkarni,DT-DYN,0.92,1.31,1.57,1.65,1.53,1.52,1.82,1.61,1.77,1.62,Debt : Dynamic Bond
Edelweiss MSCI India Domestic & World Healthcare 45 Index Fund Reg(G),Bhavesh Jain,EQ-INDX,4.38,4.04,-5.19,13.5,6.97,8.08,11.5,4.01,13.3,-1.94,Equity : Index Funds
Edelweiss Multi Asset Allocation Fund Reg(G),Bhavesh Jain,HY-MULTI,-,-,-,-,1.91,1.39,1.93,1.88,2.31,1.67,Hybrid : Multi Asset Allocation
Edelweiss Multi Cap Fund Reg(G),Trideep Bhattacharya,EQ-MLC,-,-,-,-,-,-,5.45,16.3,9.2,-4.53,Equity : Multi Cap
Edelweiss Nifty 100 Quality 30 Index Fund Reg(G),Bhavesh Jain,EQ-INDX,10.34,0.65,-1.33,13.35,2.8,13.87,1.44,10.62,11.14,-11.53,Equity : Index Funds
Edelweiss Nifty 50 Index Fund Reg(G),Bhavesh Jain,EQ-INDX,8.53,5.79,-4.19,10.84,2.48,10.65,2.7,7.77,7.61,-8.38,Equity : Index Funds
Edelweiss Nifty Alpha Low Volatility 30 Index Fund Reg(G),Bhavesh Jain,EQ-INDX,-,-,-,-,-,-,-,-,11.02,-12.61,Equity : Index Funds
Edelweiss Nifty Bank ETF,Bhavesh Jain,EQ-ETF,-,-,-,-,-,-,-,-,-,-4.02,Equity : ETFs
Edelweiss NIFTY Large Mid Cap 250 Index Fund Reg(G),Bhavesh Jain,EQ-INDX,12.86,3.16,-5.35,14.56,7.82,12.17,4.17,13.22,7.35,-7.16,Equity : Index Funds
Edelweiss Nifty Midcap150 Momentum 50 Index Fund Reg(G),Bhavesh Jain,EQ-INDX,-,-,-3.4,15.45,16.06,15.32,8.69,18.13,6.68,-4.33,Equity : Index Funds
Edelweiss Nifty Next 50 Index Fund Reg(G),Bhavesh Jain,EQ-INDX,-,-,-10.44,15.55,2.82,18.21,13.56,17.78,7.65,-11.77,Equity : Index Funds
Edelweiss Nifty PSU Bond Plus SDL Apr 2026 50:50 Index Fund Reg(G),Dhawal Dalal,DT-B&PSU,1.43,1.9,1.68,1.84,1.44,1.68,1.9,1.73,2.01,1.66,Debt : Banking & PSU
Edelweiss Nifty PSU Bond Plus SDL Apr 2027 50:50 Index Fund Reg(G),Dhawal Dalal,DT-M&LD,1.62,2.03,1.64,1.93,1.21,1.72,1.98,1.81,2.31,1.58,Debt : Medium to Long Duration
Edelweiss Nifty Smallcap 250 Index Fund Reg(G),Bhavesh Jain,EQ-INDX,-,-,-7.51,19.72,15.93,14.52,2.1,19.19,7.52,-3.73,Equity : Index Funds
Edelweiss Nifty500 Multicap Momentum Quality 50 ETF,Bhavesh Jain,EQ-ETF,-,-,-,-,-,-,-,-,-,-,Equity : ETFs
Edelweiss Nifty500 Multicap Momentum Quality 50 Index Fund Reg(G),Bhavesh Jain,EQ-INDX,-,-,-,-,-,-,-,-,-,-,Equity : Index Funds
Edelweiss Overnight Fund Reg(G),Pranavi Kulkarni,DT-ON,1.25,1.48,1.53,1.6,1.63,1.69,1.64,1.6,1.6,1.6,Debt : Overnight
Edelweiss Recently Listed IPO Fund Reg(G),Bhavesh Jain,EQ-THEM,14.12,-7.73,-6.45,20.03,12.84,5.91,2.17,13.77,8.77,1.93,Equity : Thematic
Edelweiss Silver ETF,Amit Vora,GOLD-ETF,-,-,-,-,-,-,1.22,17.91,1.77,-4.13,Gold : ETFs
Edelweiss Small Cap Fund Reg(G),Trideep Bhattacharya,EQ-SML,15.79,0.91,-3.46,17.18,11.28,12.89,0.57,17.45,8.52,-2.55,Equity : Small Cap
Edelweiss Technology Fund Reg(G),Sumanta Khan,EQ-TECH,-,-,-,-,-,-,-,10.6,9.37,2.5,Equity : Sectoral - Technology
Edelweiss US Technology Equity FOF Reg(G),Bhavesh Jain,FOF-OVR,2.55,-3.12,21.67,18.9,-1.84,16.52,11.59,4.95,-1.82,12,FoFs : Overseas
Edelweiss US Value Equity Offshore Fund Reg(G),Bhavesh Jain,FOF-OVR,1.71,11.46,-2.28,4.41,-0.77,7.22,7.91,-0.77,6.96,0.1,FoFs : Overseas
Franklin Asian Equity Fund(G),Shyam Sundar Sriram,EQ-INTL,-11.68,11.66,3.08,-1.2,-5.46,4.55,3.62,6.27,8.52,-4.23,Equity : International
Franklin Build India Fund(G),Ajay Argal,EQ-INFRA,13.43,6.79,-1.44,14.38,15.51,16.04,11.64,18.63,2.96,-6.27,Equity : Sectoral - Infrastructure
Franklin India Arbitrage Fund Reg(G),Rajasa Kakulavarapu,HY-ARB,-,-,-,-,-,-,-,-,-,-,Hybrid : Arbitrage
Franklin India Balanced Advantage Fund Reg(G),Rajasa Kakulavarapu,HY-DYN,-,2.93,-1.03,6.6,5.52,6.88,3.92,7.31,3.71,-0.26,Hybrid : Dynamic Asset Allocation
Franklin India Banking & PSU Debt Fund(G),Chandni Gupta,DT-B&PSU,1.21,1.6,1.61,1.94,1.49,1.62,1.93,1.6,2.31,1.64,Debt : Banking & PSU
Franklin India Bluechip Fund(G),Venkatesh Sanjeevi,EQ-LC,6.95,3.18,-3.05,10.61,2.9,10.25,4.66,9.28,9.31,-7.04,Equity : Large Cap
Franklin India Corp Debt Fund A(G),Anuj Tagra,DT-CORP,1.14,1.52,1.55,1.82,1.43,1.59,1.76,1.63,2.26,1.77,Debt : Corporate Bond
Franklin India Debt Hybrid Fund(G),Rohan Maru,HY-DT(CO),3.94,2.33,0.18,3.8,2.87,4.15,2.55,4.14,3.59,0.05,Hybrid : Debt Oriented (Conservative)
Franklin India Dynamic Asset Allocation FOFs(G),Rajasa Kakulavarapu,FOF-DOM,7.43,3.49,-1.69,7.01,8.2,6.83,3.3,5.88,4.61,-1.35,FoFs : Domestic
Franklin India ELSS Tax Saver Fund(G),R. Janakiraman,EQ-ELSS,12.1,5.34,-4.5,11.66,8.87,13.02,5.52,12.19,8.39,-4.58,Equity : Tax Saving (ELSS)
Franklin India Equity Advantage Fund(G),Venkatesh Sanjeevi,EQ-L&M,9.07,0.96,-3.75,12.38,5.36,11.4,2.4,13.79,9.96,-7.28,Equity : Large & Mid Cap
Franklin India Equity Hybrid Fund(G),Rajasa Kakulavarapu,HY-EQ,9.41,3.64,-2.24,8.27,6.29,8.92,4.64,8.68,5.8,-2.21,Hybrid : Equity Oriented
Franklin India Equity Savings Fund(G),Rajasa Kakulavarapu,HY-EQ,4.89,2.14,-0.82,4.81,2.46,3.22,2.04,3.19,2.92,0.49,Hybrid : Equity Oriented
Franklin India Feeder   Franklin U.S. Opportunities Fund(G),Sandeep Manam,FOF-OVR,-1.63,1.86,10.06,11.99,-2.69,15,13.25,4.6,3.68,3.51,FoFs : Overseas
Franklin India Feeder   Templeton European Opportunities Fund(G),Sandeep Manam,FOF-OVR,-14.24,24.76,7.17,-0.09,-3.68,8.17,-1.36,2.43,8.38,-9.24,FoFs : Overseas
Franklin India Flexi Cap Fund(G),R. Janakiraman,EQ-FLEX,11.86,5.13,-4.58,11.66,8.88,12.72,5.29,12.14,8.12,-4.63,Equity : Flexi Cap
Franklin India Floating Rate Fund(G),Pallab Roy,DT-FL,1.57,1.49,1.67,1.92,2.1,1.49,1.98,1.93,2.4,1.57,Debt : Floater
Franklin India Focused Equity Fund(G),Ajay Argal,EQ-MLC,13.14,4.56,-5.22,13.56,5.28,8.96,7.51,11.47,7.82,-7.2,Equity : Multi Cap
Franklin India G Sec Fund(G),Anuj Tagra,DT-GILT,1.22,1.61,1.42,1.48,0.94,1.58,1.46,1.59,2.86,1.25,Debt : Gilt
Franklin India Liquid Fund Super Inst(G),Pallab Roy,DT-LIQ,1.29,1.61,1.64,1.69,1.71,1.75,1.84,1.8,1.79,1.76,Debt : Liquid
Franklin India Medium to Long Duration Fund Reg(G),Chandni Gupta,DT-M&LD,-,-,-,-,-,-,-,-,-,1.27,Debt : Medium to Long Duration
Franklin India Money Market Fund(G),Rohan Maru,DT-MM,1.19,1.56,1.78,1.89,1.69,1.71,1.98,1.77,1.92,1.78,Debt : Money Market
Franklin India Multi Cap Fund Reg(G),R. Janakiraman,EQ-MLC,-,-,-,-,-,-,-,-,-,-3.61,Equity : Multi Cap
Franklin India Multi Asset Solution FoF(G),Rajasa Kakulavarapu,FOF-DOM,1.84,3.43,1.26,3.24,3.03,6.76,3.42,5.41,4.59,-2.06,FoFs : Domestic
Franklin India NSE Nifty 50 Index Fund(G),Shyam Sundar Sriram,EQ-INDX,8.47,5.86,-4.16,10.8,2.43,10.54,2.81,7.88,7.7,-8.35,Equity : Index Funds
Franklin India Opportunities Fund(G),R. Janakiraman,EQ-THEM,15.01,1.2,1.6,14.2,13.14,16.98,7.86,23.29,6.03,-2.64,Equity : Thematic
Franklin India Overnight Fund(G),Pallab Roy,DT-ON,1.26,1.48,1.53,1.59,1.62,1.68,1.64,1.61,1.59,1.61,Debt : Overnight
Franklin India Pension Plan(G),Anuj Tagra,HY-SOL,5.71,2.67,-0.72,4.97,3.63,5.62,2.97,5.53,4.25,-0.61,Hybrid : Solution Oriented
Franklin India Prima Fund(G),R. Janakiraman,EQ-MID,17.71,1.2,-3.65,15.42,8.05,13.81,3.17,20.56,8.88,-2.65,Equity : Mid Cap
Franklin India Smaller Cos Fund(G),R. Janakiraman,EQ-SML,16.28,3.3,0.57,16.75,12.39,15.3,1.05,22.13,3.5,-3.58,Equity : Small Cap
Franklin India ST Income Plan(G),Santosh Kamath,DT-SD,0.34,2.15,2.66,2.69,1.42,0,0,0,0,0,Debt : Short Duration
Franklin India Technology Fund(G),R. Janakiraman,EQ-TECH,-1.59,4.01,4.63,10.84,12.35,15.99,6.46,8.68,10.5,0.46,Equity : Sectoral - Technology
Franklin India Ultra Short Duration Fund Reg(G),Rohan Maru,DT-USD,-,-,-,-,-,-,-,-,-,1.68,Debt : Ultra Short Duration
Groww Aggressive Hybrid Fund Reg(G),Anupam Tiwari,HY-EQ,7.71,5.22,-2.67,7.58,2.16,10.73,5.6,8.13,4.03,-5.72,Hybrid : Equity Oriented
Groww Banking & Financial Services Fund Reg(G),Anupam Tiwari,EQ-FIN,-,-,-,-,-,-,-,8.5,3.51,-2.47,Equity : Sectoral - Financial Services
Groww Dynamic Bond Fund Reg(G),Kaustubh Sule,DT-DYN,1.22,1.66,1.73,1.05,0.7,1.88,1.75,1.27,2.83,0.82,Debt : Dynamic Bond
Groww ELSS Tax Saver Fund Reg(G),Anupam Tiwari,EQ-ELSS,8.74,4.67,-5.19,10.96,4.03,14.64,5.36,10.46,6.51,-4.61,Equity : Tax Saving (ELSS)
Groww Gold ETF,Wilfred Gonsalves,GOLD-ETF,-,-,-,-,-,-,-,-,-,-,Gold : ETFs
Groww Gold ETF FOF Reg(G),Wilfred Gonsalves,GOLD-MF,-,-,-,-,-,-,-,-,-,-,Gold : MFs
Groww Largecap Fund Reg(G),Anupam Tiwari,EQ-LC,9.29,5.57,-4.61,9.98,3.12,13.06,6.45,9.75,4.89,-8.18,Equity : Large Cap
Groww Liquid Fund Reg(G),Kaustubh Sule,DT-LIQ,1.23,1.56,1.54,1.61,1.69,1.74,1.84,1.8,1.78,1.75,Debt : Liquid
Groww Nifty 1D Rate Liquid ETF,Kaustubh Sule,DT-ETF,-,-,-,-,-,-,-,-,-,1.6,Debt : ETFs
Groww Nifty EV & New Age Automotive ETF,Abhishek Jain,EQ-ETF,-,-,-,-,-,-,-,-,-,-14.98,Equity : ETFs
Groww Nifty EV & New Age Automotive ETF FOF Reg(G),Abhishek Jain,FOF-DOM,-,-,-,-,-,-,-,-,-,-15.17,FoFs : Domestic
Groww Nifty India Defence ETF,Abhishek Jain,EQ-ETF,-,-,-,-,-,-,-,-,-,-,Equity : ETFs
Groww Nifty India Defence ETF FOF Reg(G),Abhishek Jain,FOF-DOM,-,-,-,-,-,-,-,-,-,-,FoFs : Domestic
Groww Nifty Non Cyclical Consumer Index Fund Reg(G),Abhishek Jain,EQ-INDX,-,-,-,-,-,-,-,-,16.27,-10.53,Equity : Index Funds
Groww Nifty Smallcap 250 Index Fund Reg(G),Abhishek Jain,EQ-INDX,-,-,-,-,-,-,-,19.04,7.45,-3.77,Equity : Index Funds
Groww Nifty Total Market Index Fund Reg(G),Abhishek Jain,EQ-INDX,-,-,-,-,-,-,3.87,11.72,7.57,-7.66,Equity : Index Funds
Groww Overnight Fund Reg(G),Kaustubh Sule,DT-ON,1.23,1.45,1.47,1.44,1.6,1.67,1.62,1.61,1.6,1.58,Debt : Overnight
Groww Short Duration Fund Reg(G),Kaustubh Sule,DT-SD,1.11,1.5,1.65,0.9,1.05,1.82,1.54,1.51,2.23,1.3,Debt : Short Duration
Groww Value Fund Reg(G),Anupam Tiwari,EQ-VAL,7.66,5.81,-5.79,10.79,8.55,15.54,3.96,8.51,5.96,-6.82,Equity : Value / Contra
HDFC Arbitrage WP(G),Arun Agarwal,HY-ARB,0.83,1.41,1.73,1.76,1.9,1.66,2.03,1.92,1.71,1.79,Hybrid : Arbitrage
HDFC Asset Allocator FoF Reg(G),Srinivasan Ramamurthy,FOF-DOM,6.36,4.95,0.24,6.9,4.48,8.21,3.76,6.8,5.15,-2.22,FoFs : Domestic
HDFC Balanced Advantage Fund(G),Gopal Agrawal,HY-DYN,8.63,7.29,-0.68,8.85,9.17,11.25,5.64,9.3,4.32,-3.1,Hybrid : Dynamic Asset Allocation
HDFC Banking & Financial Services Fund Reg(G),Anand Laddha,EQ-FIN,13.86,11.61,-5.46,14.66,1.68,10.19,-1.53,12.99,3.85,-4.9,Equity : Sectoral - Financial Services
HDFC Banking and PSU Debt Fund Reg(G),Anil Bamboli,DT-B&PSU,1.4,1.43,1.55,2.02,1.55,1.55,2.05,1.63,2.43,1.52,Debt : Banking & PSU
HDFC BSE 500 ETF,Abhishek Mor,EQ-ETF,-,-,-,13.09,5.43,12.28,4.41,11.56,7.55,-7.92,Equity : ETFs
HDFC BSE 500 Index Fund Reg(G),Nirman Morakhia,EQ-INDX,-,-,-,-,5.12,11.96,4.2,11.11,7.27,-7.99,Equity : Index Funds
HDFC BSE Sensex ETF,Abhishek Mor,EQ-ETF,8.59,6.12,-2.88,10.38,2.08,9.94,2.09,7.91,6.94,-7.16,Equity : ETFs
HDFC BSE Sensex Index Fund(G)(Post Addendum),Nirman Morakhia,EQ-INDX,8.51,6.02,-2.98,10.27,1.96,9.84,2.03,7.82,6.85,-7.25,Equity : Index Funds
HDFC Business Cycle Fund Reg(G),Rahul Baijal,EQ-THEM,-,-,-3.05,13.74,3.86,11.78,2.23,9.68,7.84,-5.78,Equity : Thematic
HDFC Capital Builder Value Fund(G),Anand Laddha,EQ-VAL,11.75,5.57,-4.29,11.73,6.12,14.19,4.49,14.39,8.67,-7.06,Equity : Value / Contra
HDFC Childrens Fund,Chirag Setalvad,HY-SOL,9.07,3.74,1.25,9.77,4.33,9.42,2.19,10.02,5.37,-2.03,Hybrid : Solution Oriented
HDFC Corp Bond Fund(G),Anupam Joshi,DT-CORP,1.86,1.58,1.57,2.19,1.78,1.47,2.26,1.82,2.64,1.58,Debt : Corporate Bond
HDFC Credit Risk Debt Fund (G),Shobhit Mehrotra,DT-CR,1.73,1.6,1.47,1.96,1.48,1.56,2.37,1.5,2.69,1.41,Debt : Credit Risk
HDFC Defence Fund Reg(G),Abhishek Poddar,EQ-THEM,-,-,-,-,17.17,27.55,7.91,42.54,-7.83,-1.1,Equity : Thematic
HDFC Developed World Indexes FoF Reg(G),Nirman Morakhia,FOF-OVR,-3.76,10.64,5.25,6.46,-0.92,10.98,8.28,3.26,5.71,3.25,FoFs : Overseas
HDFC Dividend Yield Fund Reg(G),Gopal Agrawal,EQ-DIV,12.05,4.33,-1.02,11.69,10.39,13.05,4.42,11.97,8.3,-8.26,Equity : Thematic - Dividend Yield
HDFC Dynamic Debt Fund(G),Anil Bamboli,DT-DYN,1.68,1.29,1.58,1.97,1.35,1.66,2.67,1.72,3.3,0.62,Debt : Dynamic Bond
HDFC Dynamic PE Ratio FOF Reg(G),Srinivasan Ramamurthy,FOF-DOM,8.38,3.93,0.04,9.06,5.66,6.53,3.05,5.96,5.07,-1.61,FoFs : Domestic
HDFC ELSS Tax saver(G),Roshi Jain,EQ-ELSS,11.22,5.42,-2.58,12.16,6.63,14.32,6.51,12.78,7.7,-6.22,Equity : Tax Saving (ELSS)
HDFC Equity Savings Fund(G),Srinivasan Ramamurthy,HY-EQ,4.51,3.13,-0.52,5.05,3.3,5.4,3.78,3.96,3.92,-1.64,Hybrid : Equity Oriented
HDFC Flexi Cap Fund(G),Roshi Jain,EQ-FLEX,11.19,8.16,-2.75,11.86,6.44,12.8,6.61,12.31,8.15,-4.65,Equity : Flexi Cap
HDFC Floating Rate Debt Fund(G),Shobhit Mehrotra,DT-FL,2.06,1.45,1.73,2.02,2.18,1.5,2.06,1.93,2.26,1.79,Debt : Floater
HDFC Focused 30 Fund(G),Roshi Jain,EQ-MLC,13.7,6.13,-1.9,10.64,5.86,12.78,6.63,12.75,7.91,-4.44,Equity : Multi Cap
HDFC Gilt Fund(G),Anil Bamboli,DT-GILT,1.53,1.69,1.79,2.08,1.21,1.85,2.3,1.95,3.42,0.82,Debt : Gilt
HDFC Gold ETF,Bhagyesh Kagalkar,GOLD-ETF,-1.12,9.63,7.52,-2.57,-1.24,8.88,6.94,6.11,4.46,1.01,Gold : ETFs
HDFC Gold ETF FoF(G),Nirman Morakhia,GOLD-MF,-1.48,8.7,8.69,-3.46,-0.16,8.92,5.36,7.74,4.12,0.63,Gold : MFs
HDFC Housing Opp Fund Reg(G),Srinivasan Ramamurthy,EQ-INFRA,14.76,9.39,-6.14,12.72,11.11,18.39,4.09,17.66,1.79,-8.52,Equity : Sectoral - Infrastructure
HDFC Hybrid Debt Fund(G),Srinivasan Ramamurthy,HY-DT(CO),3.86,3.46,0.66,4.99,3.21,4.43,3.51,3.77,3.66,-0.79,Hybrid : Debt Oriented (Conservative)
HDFC Hybrid Equity Fund(G),Chirag Setalvad,HY-EQ,8.49,5.86,-1.15,8.89,2.91,6.29,3.14,8.05,4.35,-2.9,Hybrid : Equity Oriented
HDFC Income Fund(G),Shobhit Mehrotra,DT-M&LD,1.84,1.49,1.45,2.08,0.78,1.62,3.07,1.65,3.14,0.86,Debt : Medium to Long Duration
HDFC Infrastructure Fund(G),Srinivasan Ramamurthy,EQ-INFRA,16.99,9.14,-5.36,18.69,17.46,17.79,9.24,16.32,4.1,-6.99,Equity : Sectoral - Infrastructure
HDFC Large and Mid Cap Fund Reg(G),Gopal Agrawal,EQ-L&M,12.12,4.34,-4.06,16.04,9.49,12.99,4.35,13.88,7.76,-6.75,Equity : Large & Mid Cap
HDFC Liquid Fund(G),Anupam Joshi,DT-LIQ,1.26,1.59,1.66,1.7,1.69,1.73,1.86,1.78,1.77,1.73,Debt : Liquid
HDFC Long Duration Debt Fund Reg(G),Shobhit Mehrotra,DT-LD,-,-,-,2.03,1.2,1.77,4.91,2.18,3.74,0.16,Debt : Long Duration
HDFC Low Duration Fund(G),Anupam Joshi,DT-LOWD,1.57,1.41,1.63,1.92,1.83,1.48,1.86,1.76,1.88,1.7,Debt : Low Duration
HDFC Manufacturing Fund Reg(G),Rakesh Sethia,EQ-THEM,-,-,-,-,-,-,-,-,6.21,-9.04,Equity : Thematic
HDFC Medium Term Debt Fund(G),Shobhit Mehrotra,DT-MD,1.68,1.7,1.48,2.21,1.37,1.51,2.18,1.62,2.73,1.29,Debt : Medium Duration
HDFC Mid Cap Opportunities Fund(G),Chirag Setalvad,EQ-MID,17.2,4.7,-2.7,19.3,10.95,12.18,5.88,14.47,8.37,-2.08,Equity : Mid Cap
HDFC MNC Fund Reg(G),Rahul Baijal,EQ-MNC,-,-,-,11.1,3.43,9.45,-0.37,16.16,5.34,-10.99,Equity : Thematic - MNC
HDFC Money Market Fund Reg(G),Praveen Jain,DT-MM,1.26,1.62,1.8,1.88,1.72,1.68,2.03,1.77,1.9,1.77,Debt : Money Market
HDFC Multi Cap Fund Reg(G),Gopal Agrawal,EQ-MLC,14.66,5.02,-2.62,16.38,9.19,13.29,3.59,15.76,7.41,-6.16,Equity : Multi Cap
HDFC Multi Asset Fund(G),Srinivasan Ramamurthy,HY-MULTI,4.81,4.15,0.2,6.16,2.88,7.8,4.09,6.8,5.35,-3.11,Hybrid : Multi Asset Allocation
HDFC NIFTY 100 Equal Weight Index Fund Reg(G),Nirman Morakhia,EQ-INDX,11.82,1.59,-7.32,15.1,4.57,15.74,8.83,11.3,8.61,-11.53,Equity : Index Funds
HDFC Nifty 100 ETF,Abhishek Mor,EQ-ETF,-,4.73,-5.84,11.48,2.75,12.06,4.67,9.5,7.72,-8.84,Equity : ETFs
HDFC NIFTY 100 Index Fund Reg(G),Nirman Morakhia,EQ-INDX,9.45,4.52,-6.02,11.32,2.59,11.87,4.65,9.29,7.56,-8.96,Equity : Index Funds
HDFC Nifty 1D Rate Liquid ETF,Swapnil Jangam,DT-ETF,-,-,-,-,-,1.46,1.47,1.48,1.42,1.41,Debt : ETFs
HDFC Nifty 50 ETF,Abhishek Mor,EQ-ETF,8.68,6.05,-4.04,11.02,2.68,10.83,2.91,8.09,7.78,-8.25,Equity : ETFs
HDFC Nifty 50 Index Fund(G)(Post Addendum),Nirman Morakhia,EQ-INDX,8.57,5.95,-4.13,10.92,2.59,10.72,2.85,7.97,7.67,-8.34,Equity : Index Funds
HDFC NIFTY Bank ETF,Abhishek Mor,EQ-ETF,15.71,11.22,-5.57,10.79,-0.17,8.27,-2.47,11.69,1.43,-4.03,Equity : ETFs
HDFC NIFTY G Sec Apr 2029 Index Fund Reg(G),Anupam Joshi,DT-M&LD,-,-,-,2.17,1.13,2.18,2.01,1.76,3,1.36,Debt : Medium to Long Duration
HDFC Nifty G Sec Dec 2026 Index Fund Reg(G),Anupam Joshi,DT-GILT,-,-,1.8,2.03,1.08,2.2,1.76,1.78,2.25,1.48,Debt : Gilt
HDFC Nifty G Sec Jul 2031 Index Fund Reg(G),Anupam Joshi,DT-GILT,-,-,2.08,2.63,1.1,1.98,2.18,1.92,3.49,1.09,Debt : Gilt
HDFC Nifty G Sec Jun 2027 Index Fund Reg(G),Anupam Joshi,DT-GILT,-,-,1.89,2.02,1.17,2.12,1.79,1.81,2.44,1.44,Debt : Gilt
HDFC NIFTY G Sec Jun 2036 Index Fund Reg(G),Anupam Joshi,DT-LD,-,-,-,2.82,0.94,1.91,3.32,2.06,3.54,1.11,Debt : Long Duration
HDFC Nifty G Sec Sep 2032 Index Fund Reg(G),Anupam Joshi,DT-GILT,-,-,2,2.79,0.97,2.01,2.47,1.77,3.64,1.12,Debt : Gilt
HDFC NIFTY Growth Sectors 15 ETF,Abhishek Mor,EQ-ETF,-,-2.41,-0.28,12.09,2.88,9.63,1.76,2.19,15.65,-7.32,Equity : ETFs
HDFC NIFTY IT ETF,Abhishek Mor,EQ-ETF,-,-,0.36,3.65,7.7,12.39,-1.5,4.47,16.13,3.82,Equity : ETFs
HDFC Nifty LargeMidcap 250 Index Fund Reg(G),Nirman Morakhia,EQ-INDX,-,-,-,-,-,-,-,-,-,-,Equity : Index Funds
HDFC NIFTY Midcap 150 ETF,Abhishek Mor,EQ-ETF,-,-,-,18.14,13.17,12.85,4.13,17.3,7.26,-5.22,Equity : ETFs
HDFC NIFTY Midcap 150 Index Fund Reg(G),Nirman Morakhia,EQ-INDX,-,-,-,-,12.69,12.53,3.91,17,7.03,-5.4,Equity : Index Funds
HDFC NIFTY Next 50 ETF,Abhishek Mor,EQ-ETF,-,-0.49,-10.31,15.74,3.07,18.55,13.76,18.08,7.94,-11.67,Equity : ETFs
HDFC NIFTY Next 50 Index Fund Reg(G),Nirman Morakhia,EQ-INDX,15.99,-0.63,-10.44,15.61,2.89,18.36,13.7,17.68,7.74,-11.98,Equity : Index Funds
HDFC NIFTY Private Bank ETF,Abhishek Mor,EQ-ETF,-,-,-5.7,11.59,1.06,7.64,-5.35,11.13,1.88,-6.52,Equity : ETFs
HDFC Nifty PSU Bank ETF,Abhishek Mor,EQ-ETF,-,-,-,-,-,-,-,5.8,-8.34,-3.26,Equity : ETFs
HDFC NIFTY Realty Index Fund Reg(G),Nirman Morakhia,EQ-INDX,-,-,-,-,-,-,-,22.37,-0.55,-4.44,Equity : Index Funds
HDFC Nifty SDL Oct 2026 Index Fund Reg(G),Anupam Joshi,DT-MD,-,-,-,1.87,1.27,1.76,1.97,1.93,2.25,1.53,Debt : Medium Duration
HDFC NIFTY SDL Plus G Sec Jun 2027 40:60 Index Fund Reg(G),Anupam Joshi,DT-MD,-,-,-,1.97,1.15,1.98,1.83,1.92,2.42,1.49,Debt : Medium Duration
HDFC NIFTY Smallcap 250 ETF,Abhishek Mor,EQ-ETF,-,-,-,19.92,16.27,14.82,2.05,19.45,7.68,-3.56,Equity : ETFs
HDFC NIFTY Smallcap 250 Index Fund Reg(G),Nirman Morakhia,EQ-INDX,-,-,-,-,15.89,14.5,1.88,19.09,7.43,-3.76,Equity : Index Funds
HDFC NIFTY100 Low Volatility 30 ETF,Abhishek Mor,EQ-ETF,-,-,-1.74,12.03,3.71,15.05,5.28,5.42,12.6,-10.43,Equity : ETFs
HDFC NIFTY100 Low Volatility 30 Index Fund Reg(G),Nirman Morakhia,EQ-INDX,-,-,-,-,-,-,-,-,-,-10.57,Equity : Index Funds
HDFC NIFTY100 Quality 30 ETF,Abhishek Mor,EQ-ETF,-,0.75,-1.17,13.53,2.89,14.05,1.6,10.84,11.37,-11.42,Equity : ETFs
HDFC NIFTY200 Momentum 30 ETF,Abhishek Mor,EQ-ETF,-,-,-5.93,16.61,9.08,17.72,12.81,14.67,6.81,-12.69,Equity : ETFs
HDFC NIFTY200 Momentum 30 Index Fund Reg(G),Nirman Morakhia,EQ-INDX,-,-,-,-,-,-,-,14.49,6.63,-12.93,Equity : Index Funds
HDFC NIFTY50 Equal Weight Index Fund Reg(G),Nirman Morakhia,EQ-INDX,11.81,4.42,-5.03,14.47,5.16,13.39,5.26,7.61,10.3,-12.04,Equity : Index Funds
HDFC NIFTY50 Value 20 ETF,Abhishek Mor,EQ-ETF,-,6.63,1.37,7.68,5.66,12.19,5.52,7.61,10.93,-6.65,Equity : ETFs
HDFC Nifty500 Multicap 50:25:25 Index Fund Reg(G),Nirman Morakhia,EQ-INDX,-,-,-,-,-,-,-,-,-,-6.77,Equity : Index Funds
HDFC Non Cyclical Consumer Fund Reg(G),Amit Sinha,EQ-CONS,-,-,-,-,-,11.12,1.57,11.36,18.19,-8.28,Equity : Thematic - Consumption
HDFC Overnight Fund(G),Anil Bamboli,DT-ON,1.24,1.47,1.53,1.59,1.61,1.66,1.65,1.61,1.59,1.59,Debt : Overnight
HDFC Pharma and Healthcare Fund Reg(G),Nikhil Mathur,EQ-PHRM,-,-,-,-,-,-,8.5,6.75,23.01,5.51,Equity : Sectoral - Pharma
HDFC Retirement Savings Fund Equity Plan Reg(G),Srinivasan Ramamurthy,HY-SOL,10.79,5.43,-0.5,13.45,6.07,10.76,5.19,10.68,7.53,-5.75,Hybrid : Solution Oriented
HDFC Retirement Savings Fund Hybrid Debt Plan Reg(G),Srinivasan Ramamurthy,HY-SOL,3.41,2.49,0.81,4.48,2.14,3.32,2.78,3.85,3.83,-0.87,Hybrid : Solution Oriented
HDFC Retirement Savings Fund Hybrid Equity Plan Reg(G),Srinivasan Ramamurthy,HY-SOL,6.99,4.73,-0.21,10.68,4.54,8.2,3.43,8.44,6.25,-4.33,Hybrid : Solution Oriented
HDFC Short Term Debt Fund(G),Anil Bamboli,DT-SD,1.43,1.63,1.63,2.07,1.58,1.68,2.15,1.78,2.47,1.65,Debt : Short Duration
HDFC Silver ETF,Bhagyesh Kagalkar,GOLD-ETF,-,26.31,-0.15,-4.06,3.36,1.62,2.8,15.72,3.48,-4.14,Gold : ETFs
HDFC Silver ETF FoF Reg(G),Nirman Morakhia,GOLD-MF,-,-,5.16,-4.6,4.05,2.43,0.02,19.81,1.2,-4.81,Gold : MFs
HDFC Small Cap Fund Reg(G),Chirag Setalvad,EQ-SML,17.58,4.87,-0.17,17.73,11.92,10.12,1.82,12.63,7.08,-1.93,Equity : Small Cap
HDFC Technology Fund Reg(G),Balakumar B,EQ-TECH,-,-,-,-,-,11.06,2.31,7.7,18.03,2.45,Equity : Sectoral - Technology
HDFC Large Cap Fund(G),Rahul Baijal,EQ-LC,7.94,7.4,-2.17,11.44,5.96,12.55,4.85,7.76,8.38,-8.82,Equity : Large Cap
HDFC Transportation and Logistics Fund Reg(G),Priya Ranjan,EQ-AUTO,-,-,-,-,-,12.94,14.02,19.66,6.59,-11.66,Equity : Sectoral - Auto
HDFC Ultra Short Term Fund Reg(G),Anil Bamboli,DT-USD,1.21,1.55,1.69,1.79,1.65,1.61,1.92,1.76,1.84,1.74,Debt : Ultra Short Duration
Helios Balanced Advantage Fund Reg(G),Alok Bahl,HY-DYN,-,-,-,-,-,-,-,7.71,2.66,-0.36,Hybrid : Dynamic Asset Allocation
Helios Financial Services Fund Reg(G),Alok Bahl,EQ-FIN,-,-,-,-,-,-,-,-,6.96,-1.19,Equity : Sectoral - Financial Services
Helios Flexi Cap Fund Reg(G),Alok Bahl,EQ-FLEX,-,-,-,-,-,-,7.28,12.91,6.24,-0.63,Equity : Flexi Cap
Helios Large & Mid Cap Fund Reg(G),Alok Bahl,EQ-L&M,-,-,-,-,-,-,-,-,-,-,Equity : Large & Mid Cap
Helios Overnight Fund Reg(G),Alok Bahl,DT-ON,-,-,-,-,-,-,1.64,1.61,1.58,1.61,Debt : Overnight
HSBC Aggressive Hybrid Fund Reg(G),Cheenu Gupta,HY-EQ,9.86,1.15,-1.13,11.32,4.72,7.85,3.62,14.12,4.33,-0.55,Hybrid : Equity Oriented
HSBC Arbitrage Fund Reg(G),Praveen Ayathan,HY-ARB,0.78,1.34,1.65,1.71,1.93,1.61,2,1.83,1.63,1.67,Hybrid : Arbitrage
HSBC Asia Pacific (Ex Japan) DYF Reg(G),Sonal Gupta,FOF-OVR,-8.71,10.67,4.67,-1.18,-0.97,6.85,2.42,8.28,9.75,-6.92,FoFs : Overseas
HSBC Balanced Advantage Fund Reg(G),Neelotpal Sahai,HY-DYN,4.24,2.07,-0.34,6.18,4.14,7.05,3.68,6.01,4.64,0.33,Hybrid : Dynamic Asset Allocation
HSBC Banking and PSU Debt Fund Reg(G),Mahesh Chhabria,DT-B&PSU,1.3,1.62,1.48,1.89,1.34,1.63,1.85,1.62,1.92,1.69,Debt : Banking & PSU
HSBC Brazil Fund(G),Sonal Gupta,FOF-OVR,9.65,1.58,-5.36,19.15,-5.9,17.57,-7.58,-13.06,9.08,-19.09,FoFs : Overseas
HSBC Business Cycles Fund Reg(G),Gautam Bhupal,EQ-THEM,15.43,1.48,-0.96,13.33,5.84,10.55,8.3,20.65,7.37,-2.85,Equity : Thematic
HSBC Conservative Hybrid Fund(G),Mahesh Chhabria,HY-DT(CO),3.03,1.96,0.67,4.88,1.86,3.53,3.24,6.52,3.59,1.81,Hybrid : Debt Oriented (Conservative)
HSBC Consumption Fund Reg(G),Gautam Bhupal,EQ-CONS,-,-,-,-,-,11.75,6.3,13,12.82,-2.06,Equity : Thematic - Consumption
HSBC Corporate Bond Fund Reg(G),Kapil Punjabi,DT-CORP,1.82,1.95,1.42,2.22,1.14,1.52,2.17,1.59,2.62,1.46,Debt : Corporate Bond
HSBC Credit Risk Fund Reg(G),Shriram Ramanathan,DT-CR,1.41,1.54,1.5,1.7,1.7,1.42,1.73,1.64,2.12,1.47,Debt : Credit Risk
HSBC CRISIL IBX 50:50 Gilt Plus SDL Apr 2028 Index Fund Reg(G),Kapil Punjabi,DT-M&LD,1.75,1.89,1.91,2.07,1.15,2.02,1.85,1.89,2.63,1.4,Debt : Medium to Long Duration
HSBC CRISIL IBX Gilt June 2027 Index Fund Reg(G),Kapil Punjabi,DT-MD,-,-,-,1.99,1.12,2.12,1.75,1.82,2.36,1.42,Debt : Medium Duration
HSBC Dynamic Bond Fund Reg(G),Mahesh Chhabria,DT-DYN,1.23,1.15,1.62,1.84,1.15,1.78,2.54,1.86,3.32,0.74,Debt : Dynamic Bond
HSBC ELSS Tax saver Fund Reg(G),Abhishek Gupta,EQ-ELSS,13.24,1.72,-1.66,13.55,3.88,10.67,6.56,18.66,7.63,-2.28,Equity : Tax Saving (ELSS)
HSBC Equity Savings Fund Reg(G),Cheenu Gupta,HY-EQ,4.04,0.53,1,7.01,3.54,4.59,4.25,9.87,4.5,3.63,Hybrid : Equity Oriented
HSBC Flexi Cap Fund Reg(G),Abhishek Gupta,EQ-FLEX,10.23,3.28,-1.39,11.74,7.64,11.11,7.45,14.32,8.03,-3.08,Equity : Flexi Cap
HSBC Focused Fund Reg(G),Neelotpal Sahai,EQ-MLC,11.15,3.7,-3.47,12.25,6.46,12.13,4.64,8.6,10.07,-1.79,Equity : Multi Cap
HSBC Gilt Fund Reg(G),Shriram Ramanathan,DT-GILT,1.49,1.25,1.57,1.43,0.65,1.86,2.74,1.8,3.23,0.2,Debt : Gilt
HSBC Global Emerging Markets Fund(G),Sonal Gupta,FOF-OVR,-11.49,7.95,1.74,2.34,-4.23,5.05,4.12,7.31,4.72,-6.58,FoFs : Overseas
HSBC Global Equity Climate Change FoF Reg(G),Sonal Gupta,FOF-OVR,-1.11,12.04,6.66,1.21,-8.06,12.7,2.34,0.37,7.57,-7.32,FoFs : Overseas
HSBC India Export Opportunities Fund Reg(G),Abhishek Gupta,EQ-THEM,-,-,-,-,-,-,-,-,-,0.24,Equity : Thematic
HSBC Infrastructure Fund Reg(G),Venugopal Manghat,EQ-INFRA,14.78,1.19,3.6,15.39,12.7,11.83,6.3,26.7,1.92,-6.7,Equity : Sectoral - Infrastructure
HSBC Large & Mid Cap Fund Reg(G),Cheenu Gupta,EQ-L&M,10.45,2.1,-2.02,14.38,7.21,8.47,7.08,19.64,6.81,1.27,Equity : Large & Mid Cap
HSBC Large Cap Fund(G),Neelotpal Sahai,EQ-LC,10.25,4.44,-3.76,11.55,4.06,10.56,5.88,8.84,8.99,-5.8,Equity : Large Cap
HSBC Liquid Fund(G),Kapil Punjabi,DT-LIQ,1.28,1.59,1.69,1.71,1.71,1.75,1.85,1.78,1.78,1.74,Debt : Liquid
HSBC Low Duration Fund Reg(G),Shriram Ramanathan,DT-LOWD,1.06,1.52,1.64,1.86,1.81,1.62,1.89,1.81,1.87,1.7,Debt : Low Duration
HSBC Managed Solutions India Conservative(G),Gautam Bhupal,FOF-DOM,2.02,1.74,1.02,2.69,1.39,2.55,2.49,2.31,3.38,0.39,FoFs : Domestic
HSBC Managed Solutions India Growth(G),Gautam Bhupal,FOF-DOM,9.63,3.39,-1.87,10.35,5.24,8.99,4.15,9.69,6.79,-3.34,FoFs : Domestic
HSBC Managed Solutions India Moderate(G),Gautam Bhupal,FOF-DOM,7.99,2.97,-1.24,8.68,4.43,7.52,3.71,8.15,5.98,-2.49,FoFs : Domestic
HSBC Medium Duration Fund Reg(G),Shriram Ramanathan,DT-MD,1.49,1.73,1.64,2.17,1.39,1.6,2.27,1.79,2.49,1.44,Debt : Medium Duration
HSBC Medium to Long Duration Fund Fund(G),Kapil Punjabi,DT-M&LD,1.19,1.5,1.56,1.81,0.62,1.58,2.29,1.51,2.96,0.66,Debt : Medium to Long Duration
HSBC Midcap Fund Reg(G),Cheenu Gupta,EQ-MID,11.41,0.88,-2.96,12.79,12.04,14.17,7.5,18.36,8.78,0.95,Equity : Mid Cap
HSBC Money Market Fund Reg(G),Kapil Punjabi,DT-MM,1.11,1.47,1.68,1.84,1.61,1.64,1.96,1.75,1.84,1.76,Debt : Money Market
HSBC Multi Asset Allocation Fund Reg(G),Cheenu Gupta,HY-MULTI,-,-,-,-,-,-,-,12.19,5.28,1.41,Hybrid : Multi Asset Allocation
HSBC Multi Cap Fund Reg(G),Venugopal Manghat,EQ-MLC,-,-,-,13.35,11.74,14.94,7.78,15.23,6.53,-2.83,Equity : Multi Cap
HSBC Nifty 50 Index Fund Reg(G),Praveen Ayathan,EQ-INDX,8.55,5.85,-4.16,10.93,2.6,10.72,2.79,7.96,7.65,-8.36,Equity : Index Funds
HSBC Nifty Next 50 Index Fund Reg(G),Praveen Ayathan,EQ-INDX,15.84,-0.63,-10.41,15.62,2.9,18.35,13.55,17.75,7.72,-11.91,Equity : Index Funds
HSBC Overnight Fund Reg(G),Kapil Punjabi,DT-ON,1.25,1.46,1.56,1.6,1.63,1.68,1.64,1.62,1.6,1.61,Debt : Overnight
HSBC Short Duration Fund Reg(G),Shriram Ramanathan,DT-SD,1.13,1.5,1.58,1.77,1.33,1.77,1.81,1.64,2.39,1.49,Debt : Short Duration
HSBC Small Cap Fund Reg(G),Venugopal Manghat,EQ-SML,14.44,0.78,0.16,15.91,13.03,11.31,0.88,22.2,5.27,-0.97,Equity : Small Cap
HSBC Tax Saver Equity Fund(G),Gautam Bhupal,EQ-ELSS,10.42,3.17,-5.6,12.12,7.28,10.93,5.88,12.82,9.58,1.53,Equity : Tax Saving (ELSS)
HSBC Ultra Short Duration Fund Reg(G),Mahesh Chhabria,DT-USD,1.25,1.59,1.68,1.8,1.66,1.66,1.89,1.78,1.81,1.73,Debt : Ultra Short Duration
HSBC Value Fund Reg(G),Venugopal Manghat,EQ-VAL,12.16,7.51,-1.11,10.56,12.31,13.49,7.24,17.18,5.28,-4.83,Equity : Value / Contra
ICICI Pru All Seasons Bond Fund(G),Manish Banthia,DT-DYN,2.89,1.6,1.73,2.21,1.53,1.91,2.05,1.69,2.64,1.59,Debt : Dynamic Bond
ICICI Pru Asset Allocator Fund(FOF)(G),Sankaran Naren,FOF-DOM,4.18,3.58,1.1,5.64,3.87,6.59,4.23,5.21,5.21,-1.66,FoFs : Domestic
ICICI Pru Balanced Advantage Fund(G),Manish Banthia,HY-DYN,5.11,2.78,-0.64,5.88,3.81,6.69,4.64,4.53,6.03,-3.16,Hybrid : Dynamic Asset Allocation
ICICI Pru Banking & Fin Serv Fund(G),Roshan Chutkey,EQ-FIN,13.07,7.53,-5.41,13.91,1.75,7.51,0.07,10.9,7.24,-6.22,Equity : Sectoral - Financial Services
ICICI Pru Banking & PSU Debt Fund(G),Manish Banthia,DT-B&PSU,2.11,1.41,1.73,1.99,1.84,1.57,2.05,1.71,2.03,1.88,Debt : Banking & PSU
ICICI Pru Bharat 22 FOF (G),Nishit Patel,FOF-DOM,12.38,10.5,2.71,13.28,13.76,19.84,10.53,10.38,8.12,-10.69,FoFs : Domestic
ICICI Pru Bharat Consumption Fund(G),Sankaran Naren,EQ-CONS,9.93,-1.12,-1.89,13.42,8.1,11.73,4.74,8.06,14.46,-10.71,Equity : Thematic - Consumption
ICICI Pru Bluechip Fund(G),Anish Tawakley,EQ-LC,8.3,6.43,-3.1,10.74,6,12,8.29,7.65,8.45,-7.56,Equity : Large Cap
ICICI Pru Bond Fund(G),Manish Banthia,DT-M&LD,2.27,1.64,1.6,2.55,1.31,2,2.37,1.54,2.99,1.45,Debt : Medium to Long Duration
ICICI Pru BSE 500 ETF,Nishit Patel,EQ-ETF,11.2,4.23,-5.73,13.08,5.41,12.26,4.42,11.54,7.55,-7.87,Equity : ETFs
ICICI Pru BSE 500 ETF FOF Reg(G),Nishit Patel,FOF-DOM,11.17,4.52,-6.36,12.38,5.86,11.53,4.32,11.58,7.35,-8.13,FoFs : Domestic
ICICI Pru BSE Liquid Rate ETF,Darshil Dedhia,DT-ETF,1.21,1.44,1.53,1.57,1.58,1.67,1.6,1.58,1.56,1.57,Debt : ETFs
ICICI Pru BSE Midcap Select ETF,Nishit Patel,EQ-ETF,14.56,-4.04,-7.27,19.47,9.42,14.97,6.97,16.62,8.62,-2.6,Equity : ETFs
ICICI Pru BSE Sensex ETF,Nishit Patel,EQ-ETF,8.62,6.13,-2.88,10.38,2.09,9.96,2.11,7.92,6.95,-7.16,Equity : ETFs
ICICI Pru BSE Sensex Index Fund(G),Nishit Patel,EQ-INDX,8.54,6.05,-3.04,10.29,1.96,9.84,2.09,7.86,6.87,-7.22,Equity : Index Funds
ICICI Pru Business Cycle Fund(G),Anish Tawakley,EQ-THEM,7.72,6.41,-3.01,12.86,6.94,13.41,12.47,7.83,7.12,-7.48,Equity : Thematic
ICICI Pru Child Care Fund Gift Plan,Lalit Kumar,HY-SOL,8.69,2.87,-4.13,11.51,6.6,13.35,6.2,10.91,5.95,-6.3,Hybrid : Solution Oriented
ICICI Pru Commodities Fund(G),Lalit Kumar,EQ-THEM,13.96,12.78,-5,8.75,8.77,13.16,4.78,14.93,1.74,-11.61,Equity : Thematic
ICICI Pru Constant Maturity Gilt Fund(G),Manish Banthia,DT-GL10Y,1.91,2.09,1.86,2.9,0.83,1.92,2.54,1.65,3.48,1.3,Debt : Gilt (10 Yr Constant Duration)
ICICI Pru Corp Bond Fund(G),Manish Banthia,DT-CORP,2.17,1.48,1.73,2.12,1.92,1.62,2.02,1.77,2.22,1.79,Debt : Corporate Bond
ICICI Pru Credit Risk Fund(G),Manish Banthia,DT-CR,1.58,1.72,1.62,1.83,1.6,2,2.34,1.64,2.69,1.54,Debt : Credit Risk
ICICI Pru Debt Mgmt Fund(FOF)(G),Manish Banthia,FOF-DOM,2.63,1.39,1.77,2.09,1.64,1.78,2.11,1.76,2.41,1.61,FoFs : Domestic
ICICI Pru Dividend Yield Equity Fund(G),Mittul Kalawadia,EQ-DIV,9.03,6.07,-0.07,10.42,9.81,14.56,10.91,9.32,10.54,-9.7,Equity : Thematic - Dividend Yield
ICICI Pru ELSS Tax Saver Fund(G),Mittul Kalawadia,EQ-ELSS,9.95,3.78,-5.29,12.84,4.65,10.19,5.87,8.1,11.91,-9.08,Equity : Tax Saving (ELSS)
ICICI Pru Energy Opportunities Fund Reg(G),Sankaran Naren,EQ-POWER,-,-,-,-,-,-,-,-,-,-8.47,Equity : Sectoral - Energy / Power
ICICI Pru Equity & Debt Fund(G),Sankaran Naren,HY-EQ,7.03,5.08,-1.11,9.03,8.54,9.59,8.8,6.48,8.47,-6.76,Hybrid : Equity Oriented
ICICI Pru Equity Savings Fund(G),Dharmesh Kakkad,HY-EQ,1.21,2.9,0.55,3.47,3.09,2.43,2.07,2.52,3.66,0.05,Hybrid : Equity Oriented
ICICI Pru Equity Arbitrage Fund(G),Archana Nair,HY-ARB,0.92,1.39,1.66,1.76,1.94,1.58,2.04,1.86,1.68,1.8,Hybrid : Arbitrage
ICICI Pru ESG Exclusionary Strategy Fund(G),Mittul Kalawadia,EQ-THEM,9.57,2.15,-1.73,11.68,6.49,12.84,4.32,10.09,14.91,-7.76,Equity : Thematic
ICICI Pru Exports & Services Fund(G),Sankaran Naren,EQ-THEM,8.29,5.86,-3.5,9.69,8.61,10.52,8.32,10.33,11.18,-7.45,Equity : Thematic
ICICI Pru Flexicap Fund(G),Rajat Chandak,EQ-FLEX,10.05,3.28,-4.38,14.54,4.62,11.61,8.32,9.73,11.01,-8.14,Equity : Flexi Cap
ICICI Pru Floating Interest Fund(G),Ritesh Lunawat,DT-FL,3.04,1.18,1.7,2.01,2.44,1.38,1.97,1.89,2.16,1.75,Debt : Floater
ICICI Pru FMCG Fund(G),Priyanka Khandelwal,EQ-CONS,12.54,1.65,2.06,12,1,6.78,-4.41,6.6,13.9,-13.25,Equity : Thematic - Consumption
ICICI Pru Focused Equity Fund(G),Vaibhav Dusad,EQ-LC,9.55,5.64,-3.2,12.5,5.76,11.38,11.28,11.23,10.74,-7.74,Equity : Large Cap
ICICI Pru Gilt Fund(G),Manish Banthia,DT-GILT,3.4,1.22,1.85,2.48,2,1.69,2.28,1.56,2.68,1.44,Debt : Gilt
ICICI Pru Global Advantage Fund(FOF)(G),Sankaran Naren,FOF-OVR,-9.25,11.63,6.76,1.97,-3.1,4.68,2.88,6.07,13.04,-4.33,FoFs : Overseas
ICICI Pru Global Stable Equity Fund(FOF)(G),Ritesh Lunawat,FOF-OVR,-4.74,13.21,3.33,2.87,-1.26,6.44,3.69,-3.72,10.71,-4.39,FoFs : Overseas
ICICI Pru Gold ETF,Gaurav Chikane,GOLD-ETF,-1.08,9.64,7.33,-3.01,-0.48,8.96,6.37,6.37,4.67,1,Gold : ETFs
ICICI Pru Housing Opp Fund Reg(G),Anand Sharma,EQ-THEM,9.36,4.9,-1.47,8.47,8.83,12.29,3.44,13.7,5.25,-7.03,Equity : Thematic
ICICI Pru Income Optimizer Fund(FOF)(G),Dharmesh Kakkad,FOF-DOM,3.29,3.24,1.27,4.9,4.81,2.78,2.69,4.24,5.03,-0.08,FoFs : Domestic
ICICI Pru India Equity (FOF)(G),Dharmesh Kakkad,FOF-DOM,7.99,3.88,-2.34,11.72,8.58,13.08,8.83,10.44,9.49,-6.15,FoFs : Domestic
ICICI Pru India Opp Fund(G),Sankaran Naren,EQ-THEM,11.91,5.87,-3.47,14.05,12.19,10.26,7.52,9.2,11.33,-7.06,Equity : Thematic
ICICI Pru Infrastructure Fund(G),Ihab Dalwai,EQ-INFRA,13.34,11,0.44,12.16,10.97,15.65,13.46,14.68,6.95,-8.47,Equity : Sectoral - Infrastructure
ICICI Pru Innovation Fund Reg(G),Anish Tawakley,EQ-THEM,-,-,-,-,8.44,14.47,11.31,14.01,8.85,-6.96,Equity : Thematic
ICICI Pru Large & Mid Cap Fund(G),Ihab Dalwai,EQ-L&M,10.35,5.74,-3.44,11.51,7.9,11.85,8.51,10.94,10.4,-9.41,Equity : Large & Mid Cap
ICICI Pru Liquid Fund(G),Darshil Dedhia,DT-LIQ,1.26,1.58,1.67,1.7,1.69,1.74,1.85,1.8,1.78,1.73,Debt : Liquid
ICICI Pru Long Term Bond Fund(G),Manish Banthia,DT-LD,2.31,1.73,1.68,2.58,0.67,1.74,3.4,1.74,3.37,1.26,Debt : Long Duration
ICICI Pru Manufacturing Fund(G),Anish Tawakley,EQ-THEM,9.3,4.91,-0.65,15.45,10.3,16.35,12.35,17.02,3.01,-10.24,Equity : Thematic
ICICI Pru Medium Term Bond Fund(G),Manish Banthia,DT-MD,1.94,1.68,1.59,2.11,1.38,1.77,2.02,1.64,2.46,1.67,Debt : Medium Duration
ICICI Pru Midcap Fund(G),Lalit Kumar,EQ-MID,13.46,1.8,-6.47,12.75,9.33,15.14,7.54,19.41,5.36,-6.12,Equity : Mid Cap
ICICI Pru MNC Fund(G),Roshan Chutkey,EQ-MNC,9.28,-0.37,-2.05,12.95,8.75,5.12,3.79,12.07,9.66,-8.74,Equity : Thematic - MNC
ICICI Pru Money Market Fund(G),Manish Banthia,DT-MM,1.27,1.63,1.81,1.92,1.72,1.72,2.03,1.78,1.93,1.79,Debt : Money Market
ICICI Pru Multi Asset Fund(G),Sankaran Naren,HY-MULTI,6.47,7.17,-0.14,7.21,6.89,8.48,6.64,7.06,6.82,-4.76,Hybrid : Multi Asset Allocation
ICICI Pru Multicap Fund(G),Sankaran Naren,EQ-MLC,11.48,3.58,-2.64,14.05,7.81,13.1,6.57,11.54,10.2,-7.88,Equity : Multi Cap
ICICI Pru NASDAQ 100 Index Fund(G),Sharmila Dmello,EQ-INTL,-1.56,0.91,19.34,14.81,-1.82,14.27,8.77,7.8,2.26,7.18,Equity : International
ICICI Pru Nifty 10 yr Benchmark G Sec ETF,Darshil Dedhia,DT-GL10Y,-,-,1.8,2.72,0.83,1.98,2.59,1.66,3.5,1.26,Debt : Gilt (10 Yr Constant Duration)
ICICI Pru Nifty 100 ETF,Nishit Patel,EQ-ETF,9.69,4.71,-5.89,11.44,2.71,12.02,4.62,9.46,7.68,-8.87,Equity : ETFs
ICICI Pru Nifty 100 Low Volatility 30 ETF,Nishit Patel,EQ-ETF,7.67,3.05,-1.78,12.03,3.68,15.01,5.24,5.42,12.57,-10.46,Equity : ETFs
ICICI Pru Nifty 100 Low Volatility 30 ETF FOF(G),Nishit Patel,EQ-ETF,7.1,2.99,-1.93,11.39,3.9,14.76,5.11,5.03,12.87,-10.56,Equity : ETFs
ICICI Pru Nifty 200 Momentum 30 ETF,Nishit Patel,EQ-ETF,-,1.59,-5.94,16.63,9.1,17.68,12.83,14.82,6.81,-12.88,Equity : ETFs
ICICI Pru Nifty 200 Momentum 30 Index Fund Reg(G),Nishit Patel,EQ-INDX,-,1.32,-6.22,16.3,8.79,17.37,12.45,14.69,6.55,-12.86,Equity : Index Funds
ICICI Pru Nifty 200 Quality 30 ETF,Nishit Patel,EQ-ETF,-,-,-,-,-,12.85,1.06,11.68,13.09,-10.67,Equity : ETFs
ICICI Pru Nifty 5 yr Benchmark G SEC ETF,Darshil Dedhia,DT-M&LD,1.38,2.03,1.94,2.11,0.99,2.29,1.77,1.73,3.29,1.27,Debt : Medium to Long Duration
ICICI Pru Nifty 50 ETF,Nishit Patel,EQ-ETF,8.69,6.05,-4.03,11.03,2.7,10.84,2.92,8.09,7.78,-8.25,Equity : ETFs
ICICI Pru Nifty 50 Index Fund(G),Nishit Patel,EQ-INDX,8.59,5.94,-4.14,10.92,2.58,10.69,2.88,7.97,7.67,-8.34,Equity : Index Funds
ICICI Pru Nifty Alpha Low   Volatility 30 ETF,Nishit Patel,EQ-ETF,13.99,0.31,-1.22,13.61,4.84,17.46,12.53,6.9,11.25,-12.56,Equity : ETFs
ICICI Pru Nifty Alpha Low   Volatility 30 ETF FOF(G),Nishit Patel,FOF-DOM,13.14,0.98,-2.16,13.24,5.17,16.97,12.98,6.49,10.98,-10.26,FoFs : Domestic
ICICI Pru Nifty Auto ETF,Nishit Patel,EQ-ETF,9,-0.73,-2.9,23.65,7.51,14.99,15.03,17.83,7.77,-15.53,Equity : ETFs
ICICI Pru Nifty Auto Index Fund Reg(G),Nishit Patel,EQ-AUTO,-,-,-3.16,23.05,7.18,14.92,14.72,17.43,7.59,-15.66,Equity : Sectoral - Auto
ICICI Pru Nifty Bank ETF,Nishit Patel,EQ-ETF,15.79,11.22,-5.56,10.81,-0.15,8.28,-2.46,11.7,1.45,-4.03,Equity : ETFs
ICICI Pru Nifty Bank Index Fund Reg(G),Nishit Patel,EQ-INDX,15.4,10.87,-5.71,10.48,-0.43,8,-2.46,11.52,1.23,-4.22,Equity : Index Funds
ICICI Pru Nifty Commodities ETF,Nishit Patel,EQ-THEM,-,-,-6.67,8.62,7.91,18.92,8.16,11.17,6.38,-17.31,Equity : Thematic
ICICI Pru Nifty Financial Services Ex Bank ETF,Nishit Patel,EQ-ETF,-,-,-7.22,22.66,7.39,8.38,3.25,7.57,13.74,-9.79,Equity : ETFs
ICICI Pru Nifty FMCG ETF,Nishit Patel,EQ-ETF,17.78,-0.3,4.48,14.09,-1.15,10.73,-4.88,6.08,15.56,-13.09,Equity : ETFs
ICICI Pru Nifty G Sec Dec 2030 Index Fund Reg(G),Darshil Dedhia,DT-M&LD,-,-,2.11,2.31,0.88,2.29,2.11,1.82,3.08,1.5,Debt : Medium to Long Duration
ICICI Pru Nifty Healthcare ETF,Nishit Patel,EQ-ETF,9.79,-2.58,-4.52,17.24,9.19,9.44,13.54,4.27,17.66,1.32,Equity : ETFs
ICICI Pru Nifty India Consumption ETF,Nishit Patel,EQ-ETF,17.78,-3.97,-5.05,16.38,1.92,13.33,5.85,10.26,15.47,-11.38,Equity : ETFs
ICICI Pru Nifty Infrastructure ETF,Nishit Patel,EQ-ETF,-,5.82,-3.18,12.61,9.21,17,14.22,9.58,5.03,-11.62,Equity : ETFs
ICICI Pru Nifty IT ETF,Nishit Patel,EQ-ETF,-2.6,6.68,0.37,3.67,7.74,12.42,-1.49,4.49,16.13,3.84,Equity : ETFs
ICICI Pru Nifty IT Index Fund Reg(G),Nishit Patel,EQ-INDX,-,6.34,0.07,3.54,7.53,12.15,-1.62,4.29,15.81,3.64,Equity : Index Funds
ICICI Pru Nifty LargeMidcap 250 Index Fund Reg(G),Nishit Patel,EQ-INDX,-,-,-,-,-,-,-,13.1,7.31,-7.18,Equity : Index Funds
ICICI Pru Nifty Metal ETF,Nishit Patel,EQ-ETF,-,-,-,-,-,-,-,-,-,-15.01,Equity : ETFs
ICICI Pru Nifty Midcap 150 ETF,Nishit Patel,EQ-ETF,16.46,2,-4.46,18.16,13.18,12.88,4.13,17.36,7.26,-5.2,Equity : ETFs
ICICI Pru Nifty Midcap 150 Index Fund Reg(G),Nishit Patel,EQ-INDX,16.09,1.74,-4.67,17.83,12.84,12.52,3.93,17.04,6.99,-5.44,Equity : Index Funds
ICICI Pru Nifty Next 50 ETF,Nishit Patel,EQ-ETF,16.33,-0.41,-10.27,15.83,3.1,18.57,13.8,18.11,7.96,-11.64,Equity : ETFs
ICICI Pru Nifty Next 50 Index Fund(G),Nishit Patel,EQ-INDX,16.14,-0.57,-10.4,15.67,2.96,18.38,13.72,17.93,7.76,-12,Equity : Index Funds
ICICI Pru Nifty Oil & Gas ETF,Nishit Patel,EQ-ETF,-,-,-,-,-,-,-,-,-,-17.62,Equity : ETFs
ICICI Pru Nifty Pharma Index Fund Reg(G),Nishit Patel,EQ-PHRM,-,-,-4.58,13.7,11.86,8.7,12.7,3.45,18.06,0.25,Equity : Sectoral - Pharma
ICICI Pru Nifty Private Bank ETF,Nishit Patel,EQ-ETF,19.55,9.64,-5.73,11.59,1.08,7.65,-5.35,11.14,1.88,-6.53,Equity : ETFs
ICICI Pru Nifty PSU Bank ETF,Nishit Patel,EQ-ETF,-,-,-,11.28,27.7,8.73,22.53,5.79,-8.34,-3.29,Equity : ETFs
ICICI Pru Nifty PSU Bond Plus SDL Sep 2027 40:60 Index Fund Reg(G),Darshil Dedhia,DT-M&LD,1.71,2,1.67,1.92,1.2,1.69,2.01,1.89,2.45,1.46,Debt : Medium to Long Duration
ICICI Pru Nifty SDL Dec 2028 Index Fund Reg(G),Darshil Dedhia,DT-M&LD,-,-,1.78,2.37,1.2,1.87,2,1.92,2.97,1.35,Debt : Medium to Long Duration
ICICI Pru Nifty SDL Sep 2026 Index Fund Reg(G),Darshil Dedhia,DT-M&LD,-,-,1.76,1.8,1.29,1.8,1.95,1.9,2.18,1.53,Debt : Medium to Long Duration
ICICI Pru Nifty SDL Sep 2027 Index Fund Reg(G),Darshil Dedhia,DT-M&LD,1.72,1.94,2.01,1.96,1.12,1.78,1.92,2.14,2.46,1.43,Debt : Medium to Long Duration
ICICI Pru Nifty Smallcap 250 Index Fund(G),Nishit Patel,EQ-INDX,14.02,2.89,-7.49,19.66,15.89,14.53,1.97,19.14,7.41,-3.75,Equity : Index Funds
ICICI Pru Nifty200 Value 30 ETF,Nishit Patel,EQ-ETF,-,-,-,-,-,-,-,-,-,-,Equity : ETFs
ICICI Pru Nifty200 Value 30 Index Fund Reg(G),Nishit Patel,EQ-INDX,-,-,-,-,-,-,-,-,-,-,Equity : Index Funds
ICICI Pru Nifty50 Equal Weight Index Fund Reg(G),Nishit Patel,EQ-INDX,-,-,-4.99,14.36,5.14,13.25,5.12,7.54,10.24,-12.12,Equity : Index Funds
ICICI Pru Nifty50 Value 20 ETF,Nishit Patel,EQ-ETF,6.47,6.66,1.38,7.63,5.62,12.17,5.49,7.58,10.89,-6.67,Equity : ETFs
ICICI Pru Nifty50 Value 20 Index Fund Reg(G),Nishit Patel,EQ-INDX,-,-,-,-,-,-,-,7.37,10.75,-6.8,Equity : Index Funds
ICICI Pru Overnight Fund(G),Nikhil Kabra,DT-ON,1.25,1.48,1.54,1.61,1.62,1.67,1.68,1.62,1.6,1.61,Debt : Overnight
ICICI Pru Passive Multi Asset FoF(G),Sankaran Naren,FOF-DOM,2.08,7.08,2.05,5.28,1.54,7.43,3.4,3.82,6.39,-3.12,FoFs : Domestic
ICICI Pru Passive Strategy Fund(FOF)(G),Sankaran Naren,FOF-DOM,11.23,4.56,-2.13,11.47,6.02,11.8,4.23,8.71,9.32,-6.41,FoFs : Domestic
ICICI Pru Pharma Healthcare & Diagnostics (P.H.D) Fund (G),Dharmesh Kakkad,EQ-PHRM,6.63,0.1,-2.76,16.95,11.79,11.16,11.48,6.66,21.11,2.87,Equity : Sectoral - Pharma
ICICI Pru PSU Equity Fund Reg(G),Mittul Kalawadia,EQ-INDX,-,6.51,-0.76,10.49,13.41,22.81,18.07,11.55,5.18,-10.25,Equity : Index Funds
ICICI Pru Quant Fund(G),Roshan Chutkey,EQ-THEM,6.62,4.76,-1.93,10.18,6.18,9.6,4.98,11.01,9.96,-7.69,Equity : Thematic
ICICI Pru Regular Gold Savings Fund(FOF)(G),Manish Banthia,GOLD-MF,-1.76,8.87,8.69,-3.67,-0.26,8.72,6.02,7.35,4.39,0.59,Gold : MFs
ICICI Pru Regular Savings Fund(G),Manish Banthia,HY-DT(CO),3.8,1.8,0.23,4.42,2.61,3.71,3.26,3.6,4.27,-0.15,Hybrid : Debt Oriented (Conservative)
ICICI Pru Retirement Fund Hybrid Aggressive Plan(G),Lalit Kumar,HY-SOL,8.54,1.8,-4.39,12.68,8.03,13.12,7.86,12.04,5.4,-5.08,Hybrid : Solution Oriented
ICICI Pru Retirement Fund Hybrid Cons Plan(G),Lalit Kumar,HY-SOL,3.85,1.53,-1.13,5.99,4.16,5.34,3.05,3.97,3.32,-0.76,Hybrid : Solution Oriented
ICICI Pru Retirement Fund Pure Debt Plan(G),Darshil Dedhia,HY-SOL,1.77,1.21,1.3,1.71,1.65,1.31,1.72,1.65,2.29,1.38,Hybrid : Solution Oriented
ICICI Pru Retirement Fund Pure Equity Plan(G),Lalit Kumar,HY-SOL,9.25,1.97,-4.89,14.65,9.29,15.89,9.23,11.99,6.97,-5.73,Hybrid : Solution Oriented
ICICI Pru Savings Fund(G),Nikhil Kabra,DT-LOWD,2.31,1.42,1.82,2,2.03,1.58,2.06,1.84,2,1.84,Debt : Low Duration
ICICI Pru Short Term Fund(G),Manish Banthia,DT-SD,2.22,1.62,1.69,2.06,1.71,1.75,2,1.69,2.23,1.68,Debt : Short Duration
ICICI Pru Silver ETF,Gaurav Chikane,GOLD-ETF,-3.97,26.35,0.03,-4.34,4.41,2.04,1,18.35,1.78,-4.12,Gold : ETFs
ICICI Pru Silver ETF FOF(G),Manish Banthia,FOF-DOM,-4.77,19.02,5.32,-4.63,4.03,2.31,0.62,18.17,2.39,-5.12,FoFs : Domestic
ICICI Pru Smallcap Fund(G),Anish Tawakley,EQ-SML,11.81,0.58,-2.7,17.65,9.24,10.3,-0.17,17.51,5.8,-6.87,Equity : Small Cap
ICICI Pru Strategic Metal and Energy Equity FoF Reg(G),Sharmila Dmello,FOF-OVR,2.25,13.87,2.75,-4.56,2.84,2.58,7.31,-1.1,4.16,-5.88,FoFs : Overseas
ICICI Pru Technology Fund(G),Vaibhav Dusad,EQ-TECH,-0.88,4.5,-1.06,5.74,8.83,11.94,1.09,6.68,15.81,0.42,Equity : Sectoral - Technology
ICICI Pru Thematic Advantage Fund(FOF)(G),Sankaran Naren,FOF-DOM,8.47,5.52,-2.48,11.96,5.74,9.52,4.62,8.24,12.39,-3.2,FoFs : Domestic
ICICI Pru Transportation and Logistics Fund Reg(G),Rajat Chandak,EQ-AUTO,-,-,-2.05,20.63,8.25,13.39,10.4,17.42,8.78,-10.93,Equity : Sectoral - Auto
ICICI Pru Ultra Short Term Fund Fund(G),Manish Banthia,DT-USD,1.21,1.53,1.7,1.8,1.62,1.63,1.97,1.75,1.81,1.75,Debt : Ultra Short Duration
ICICI Pru US Bluechip Equity Fund(G),Ritesh Lunawat,EQ-INTL,-2.76,10.5,12.6,7.58,-4.03,12.33,5.79,-3.8,11.46,-2.64,Equity : International
ICICI Pru Value Discovery Fund(G),Sankaran Naren,EQ-VAL,7.52,8.07,-1.53,10.18,9.01,11.09,8.02,8.25,10.94,-7.51,Equity : Value / Contra
Invesco India   Invesco EQQQ NASDAQ 100 ETF FoF Reg(G),Herin Shah,FOF-OVR,2.35,-2.47,19.19,15.4,-1.32,13.15,9.03,8.95,1.28,8.04,FoFs : Overseas
Invesco India   Invesco Global Consumer Trends FoF Reg(G),Herin Shah,FOF-OVR,-7.32,-0.7,12.29,6.93,-4.96,9.97,5.92,0.44,5.71,14.04,FoFs : Overseas
Invesco India   Invesco Global Equity Income FoF Reg(G),Herin Shah,FOF-OVR,-6.71,20.97,7.54,4.42,-0.12,13.27,3.32,2.55,9.42,-1.91,FoFs : Overseas
Invesco India   Invesco Pan European Equity FoF Reg(G),Herin Shah,FOF-OVR,-6.88,26.96,9.85,1.26,-0.95,9.35,1.92,-2.98,6.77,-10.1,FoFs : Overseas
Invesco India Aggressive Hybrid Fund Reg(G),Dhimant Kothari,HY-EQ,9.03,2.17,-2.7,9.72,4.06,11.43,5.08,12.47,7.89,-1.12,Hybrid : Equity Oriented
Invesco India Arbitrage Fund(G),Deepak Gupta,HY-ARB,1.05,1.6,1.76,1.77,1.96,1.66,2.02,1.92,1.68,1.77,Hybrid : Arbitrage
Invesco India Balanced Advantage Fund(G),Dhimant Kothari,HY-DYN,7.52,3.24,-1.99,8.14,3.58,9.44,3.55,6.46,5.97,-0.8,Hybrid : Dynamic Asset Allocation
Invesco India Banking and PSU Fund(G),Vikas Garg,DT-B&PSU,1.23,1.57,1.59,1.76,1.3,1.65,2.39,1.57,2.63,1.39,Debt : Banking & PSU
Invesco India Contra Fund(G),Taher Badshah,EQ-VAL,12.21,3.16,-4.68,12.4,7.32,12.03,5.52,15.44,12.36,-4.92,Equity : Value / Contra
Invesco India Corporate Bond Fund(G),Vikas Garg,DT-CORP,1.17,1.6,1.53,1.93,1.42,1.64,2.11,1.64,2.65,1.45,Debt : Corporate Bond
Invesco India Credit Risk Fund(G),Vikas Garg,DT-CR,0.94,1.44,5.15,1.59,1.31,3.15,1.94,1.57,2.28,1.31,Debt : Credit Risk
Invesco India ELSS Tax Saver Fund(G),Amit Nigam,EQ-ELSS,9.8,2.17,-3.9,14.53,5.53,12.7,3.65,14.03,8.99,-2.83,Equity : Tax Saving (ELSS)
Invesco India Equity Savings Fund Reg(G),Dhimant Kothari,HY-EQ,3.93,1.01,-0.3,7.22,2.23,5.67,3.26,7.62,4.82,0.08,Hybrid : Equity Oriented
Invesco India ESG Integration Strategy Fund Reg(G),Taher Badshah,EQ-THEM,9.93,0.59,-3.61,11.58,4.52,10.6,2.09,12.1,10.02,-4.07,Equity : Thematic
Invesco India Financial Services Fund(G),Hiten Jain,EQ-FIN,15.4,9.58,-5.59,13.43,3,14.23,2.86,11.85,6.68,-2.35,Equity : Sectoral - Financial Services
Invesco India Flexi Cap Fund Reg(G),Amit Ganatra,EQ-FLEX,11.56,2.83,-2.85,13.21,6.31,14.23,6.98,14.84,10.43,-0.89,Equity : Flexi Cap
Invesco India Focused Fund Reg(G),Taher Badshah,EQ-FLEX,8.75,1.98,-6.35,13.56,7.35,17.62,12.59,15.38,10.23,-0.03,Equity : Flexi Cap
Invesco India Gilt Fund(G),Vikas Garg,DT-GILT,0.86,1.61,1.41,2.31,0.65,2.07,3.94,2.04,3.51,0.16,Debt : Gilt
Invesco India Gold ETF,Herin Shah,GOLD-ETF,-1.11,9.69,7.78,-3.33,-0.74,9.12,6.62,6.08,5.11,0.85,Gold : ETFs
Invesco India Gold ETF FoF(G),Herin Shah,GOLD-MF,-1.3,7.71,9.37,-3.59,-0.12,8.72,5.67,7.38,4.42,0.3,Gold : MFs
Invesco India Infrastructure Fund(G),Amit Nigam,EQ-INFRA,12.44,1.35,0.4,14.86,11.32,17.71,12.21,23.01,1.92,-5.31,Equity : Sectoral - Infrastructure
Invesco India Large & Mid Cap Fund(G),Aditya Khemani,EQ-L&M,12.4,3.03,-4.99,13.97,5.86,14.78,8.53,16.5,11,-2.04,Equity : Large & Mid Cap
Invesco India Largecap Fund(G),Amit Nigam,EQ-LC,9.59,2.55,-3.72,14.29,2.92,12.83,4.96,12.21,7.91,-5.59,Equity : Large Cap
Invesco India Liquid Fund(G),Krishna Cheemalapati,DT-LIQ,1.27,1.6,1.65,1.71,1.7,1.75,1.86,1.79,1.79,1.75,Debt : Liquid
Invesco India Low Duration Fund(G),Krishna Cheemalapati,DT-LOWD,1.1,1.51,1.6,1.86,1.62,1.59,2,1.7,1.91,1.76,Debt : Low Duration
Invesco India Manufacturing Fund Reg(G),Amit Ganatra,EQ-THEM,-,-,-,-,-,-,-,-,-,0,Equity : Thematic
Invesco India Medium Duration Fund Reg(G),Vikas Garg,DT-MD,1.21,1.64,1.49,1.83,1.05,1.63,2.23,1.57,2.56,1.26,Debt : Medium Duration
Invesco India Midcap Fund(G),Aditya Khemani,EQ-MID,14.17,3.05,-4.9,16.99,7.83,11.79,7.07,19.78,11.55,0.06,Equity : Mid Cap
Invesco India Money Market Fund(G),Krishna Cheemalapati,DT-MM,1.17,1.57,1.71,1.86,1.6,1.64,2.02,1.7,1.86,1.71,Debt : Money Market
Invesco India Multicap Fund(G),Dhimant Kothari,EQ-MLC,13.35,2.28,-3.98,12.72,8.77,11.95,3.89,14.1,11.39,-1.68,Equity : Multi Cap
Invesco India Nifty 50 ETF,Kuber Mannadi,EQ-ETF,8.67,6.03,-4.05,11.01,2.68,10.82,2.89,8.07,7.76,-8.27,Equity : ETFs
Invesco India Nifty G sec Jul 2027 Index Fund Reg(G),Krishna Cheemalapati,DT-MD,-,-,-,2.03,1.16,2.16,1.79,1.82,2.44,1.45,Debt : Medium Duration
Invesco India Nifty G sec Sep 2032 Index Fund Reg(G),Krishna Cheemalapati,DT-LD,-,-,-,2.8,0.98,2.05,2.49,1.74,3.65,1.15,Debt : Long Duration
Invesco India Overnight Fund Reg(G),Krishna Cheemalapati,DT-ON,1.27,1.49,1.54,1.6,1.63,1.69,1.67,1.62,1.62,1.61,Debt : Overnight
Invesco India PSU Equity Fund(G),Dhimant Kothari,EQ-THEM,15.77,10.58,-3.07,15.14,14.31,21.08,15.05,22.5,-0.37,-10.52,Equity : Thematic
Invesco India Short Duration Fund(G),Vikas Garg,DT-SD,0.95,1.41,1.46,1.75,1.22,1.66,2.33,1.53,2.37,1.45,Debt : Short Duration
Invesco India Smallcap Fund Reg(G),Taher Badshah,EQ-SML,15.42,1.35,-2.44,16.44,9.05,16.33,3.71,18.5,10.67,1.03,Equity : Small Cap
Invesco India Technology Fund Reg(G),Hiten Jain,EQ-TECH,-,-,-,-,-,-,-,-,-,5.83,Equity : Sectoral - Technology
Invesco India Ultra Short Duration Fund(G),Krishna Cheemalapati,DT-USD,1.11,1.44,1.6,1.72,1.6,1.55,2.1,1.68,1.79,1.71,Debt : Ultra Short Duration
ITI Arbitrage Fund Reg(G),Rajesh Bhatia,HY-ARB,0.5,0.7,1.12,1.74,1.76,1.6,1.98,1.91,1.6,1.56,Hybrid : Arbitrage
ITI Balanced Advantage Fund Reg(G),Rajesh Bhatia,HY-DYN,1.96,3.84,-2.02,7.4,3.07,8,5.89,3.73,5.85,-2.36,Hybrid : Dynamic Asset Allocation
ITI Banking & Financial Services Fund Reg(G),Nilay Dalal,EQ-FIN,13.17,8.31,-6.35,13.78,1.62,5.81,0.72,7.91,3.81,-5.43,Equity : Sectoral - Financial Services
ITI Banking & PSU Debt Fund Reg(G),Rajesh Bhatia,DT-B&PSU,1.19,1.57,1.53,1.59,1.42,1.62,2.29,1.42,2.15,1.53,Debt : Banking & PSU
ITI Dynamic Bond Fund Reg(G),Rajesh Bhatia,DT-DYN,1.15,1.41,1.36,1.51,1.14,1.56,3.22,0.97,3.11,1.11,Debt : Dynamic Bond
ITI ELSS Tax Saver Fund Reg(G),Alok Ranjan,EQ-ELSS,10.61,5.17,-3.41,12.6,6.57,17.77,7.06,15.13,7.73,-7.95,Equity : Tax Saving (ELSS)
ITI Flexi Cap Fund Reg(G),Dhimant Shah,EQ-FLEX,-,-,-,16.19,7.86,13.61,7.1,16.09,6.61,-4.98,Equity : Flexi Cap
ITI Focused Equity Fund Reg(G),Dhimant Shah,EQ-FLEX,-,-,-,-,4.87,12.69,6.91,13.63,6.96,-4.2,Equity : Flexi Cap
ITI Large & Mid Cap Fund Reg(G),Alok Ranjan,EQ-L&M,-,-,-,-,-,-,-,-,-,-4.02,Equity : Large & Mid Cap
ITI Large Cap Fund Reg(G),Alok Ranjan,EQ-LC,9.66,6.01,-4.75,11.43,3.31,13.04,7.06,9.84,3.92,-6.71,Equity : Large Cap
ITI Liquid Fund Reg(G),Rajesh Bhatia,DT-LIQ,1.23,1.51,1.56,1.62,1.63,1.68,1.69,1.7,1.68,1.7,Debt : Liquid
ITI Mid Cap Fund Reg(G),Rohan Korde,EQ-MID,16.08,-0.22,-3.92,14.87,10.31,15.91,10.76,19.15,5.55,-6.59,Equity : Mid Cap
ITI Multi Cap Fund Reg(G),Dhimant Shah,EQ-MLC,12.35,3.3,-3.44,14.36,9.6,14.48,7.6,13.65,5.42,-6.77,Equity : Multi Cap
ITI Overnight Fund Reg(G),Rajesh Bhatia,DT-ON,1.22,1.45,1.5,1.53,1.58,1.62,1.59,1.54,1.55,1.55,Debt : Overnight
ITI Pharma & Healthcare Fund Reg(G),Rohan Korde,EQ-PHRM,8.78,0.04,-4.62,14.79,8.11,11.2,9.63,4.52,19.84,2.86,Equity : Sectoral - Pharma
ITI Small Cap Fund Reg(G),Dhimant Shah,EQ-SML,14.57,2.1,-1.05,16.6,11.98,17.6,5.95,20.79,5.39,-0.67,Equity : Small Cap
ITI Ultra Short Duration Fund Reg(G),Rajesh Bhatia,DT-USD,1.06,1.37,1.46,1.6,1.49,1.58,1.66,1.53,1.64,1.59,Debt : Ultra Short Duration
ITI Value Fund Reg(G),Rohan Korde,EQ-VAL,12.01,6.72,-2.99,13.31,8.54,14.21,7.4,13.3,3.7,-6.23,Equity : Value / Contra
JM Aggressive Hybrid Fund(G),Asit Bhandarkar,HY-EQ,8.06,6.92,-2.38,11.1,10.88,11.3,8.66,15.82,4.84,-3.75,Hybrid : Equity Oriented
JM Arbitrage Fund(G),Asit Bhandarkar,HY-ARB,0.88,1.3,1.62,1.56,1.82,1.48,2.04,1.75,1.53,1.7,Hybrid : Arbitrage
JM Dynamic Bond Fund Reg(G),Killol Pandya,DT-DYN,1.11,1.57,1.49,2.01,0.93,1.73,2.32,1.41,3.19,0.89,Debt : Dynamic Bond
JM ELSS Tax Saver Fund(G),Chaitanya Choksi,EQ-ELSS,11.81,4.17,-3.4,16.21,5.16,10.9,6.69,19.63,8.41,-6.75,Equity : Tax Saving (ELSS)
JM Flexicap Fund Reg(G),Satish Ramanathan,EQ-FLEX,10.44,6.81,-3.21,15.8,9.51,14.06,8.57,21.09,6.06,-4.43,Equity : Flexi Cap
JM Focused Fund Reg(G),Asit Bhandarkar,EQ-LC,11.04,7.03,-4.71,14.74,9.08,11.43,7.12,12.78,6.79,-3.69,Equity : Large Cap
JM Large Cap Fund Reg(G),Satish Ramanathan,EQ-LC,9.89,5.21,-3.8,11.11,6.14,14.21,7.95,11.25,4.87,-8.59,Equity : Large Cap
JM Liquid Fund(G),Killol Pandya,DT-LIQ,1.28,1.59,1.64,1.69,1.71,1.75,1.81,1.76,1.75,1.72,Debt : Liquid
JM Low Duration Fund(G),Killol Pandya,DT-LOWD,1.12,1.4,1.56,1.74,1.55,1.57,1.82,1.71,1.91,1.7,Debt : Low Duration
JM Medium to Long Duration Fund Reg(G),Killol Pandya,DT-M&LD,1.15,1.71,1.6,2.24,0.77,1.84,2.31,1.52,3.03,0.91,Debt : Medium to Long Duration
JM Midcap Fund Reg(G),Satish Ramanathan,EQ-MID,-,-,-2.08,17.02,14.6,10.07,6.33,25.25,6.96,-4.99,Equity : Mid Cap
JM Overnight Fund Reg(G),Killol Pandya,DT-ON,1.26,1.49,1.54,1.6,1.62,1.67,1.63,1.61,1.59,1.6,Debt : Overnight
JM Short Duration Fund Reg(G),Killol Pandya,DT-SD,-,1.32,1.43,1.77,1.16,1.56,1.65,1.57,2.26,1.39,Debt : Short Duration
JM Small Cap Fund Reg(G),Asit Bhandarkar,EQ-SML,-,-,-,-,-,-,-,-,10.88,-3.82,Equity : Small Cap
JM Value Fund(G),Satish Ramanathan,EQ-VAL,9.99,9.39,-1.14,15.34,13.15,14.45,5.76,20.52,6.03,-7.47,Equity : Value / Contra
Kotak Balanced Advantage Fund Reg(G),Rohit Tandon,HY-DYN,5.73,2.47,0.03,6.65,2.53,6.1,2.93,7.14,6,-2.18,Hybrid : Dynamic Asset Allocation
Kotak Banking & Financial Services Fund Reg(G),Shibani Kurian,EQ-FIN,-,-,-,12.9,2.09,8.16,-0.36,12.54,4.86,-4.48,Equity : Sectoral - Financial Services
Kotak Banking and PSU Debt Fund(G),Deepak Agrawal,DT-B&PSU,1.76,1.58,1.52,1.95,1.46,1.68,2.12,1.64,2.56,1.48,Debt : Banking & PSU
Kotak Bluechip Fund(G),Rohit Tandon,EQ-LC,8.99,4.39,-3.01,10.32,3.96,10.49,4.39,11.32,7.58,-7.02,Equity : Large Cap
Kotak Bond Fund Reg(G),Abhishek Bisen,DT-M&LD,2.12,1.39,1.59,2.12,1.02,1.91,2.47,1.69,3.03,0.75,Debt : Medium to Long Duration
Kotak Bond Short Term Fund(G),Deepak Agrawal,DT-SD,1.41,1.53,1.36,1.95,1.45,1.54,1.97,1.63,2.45,1.47,Debt : Short Duration
Kotak BSE Housing Index Fund Reg(G),Devender Singhal,EQ-INDX,-,-,-,-,-,13.89,2.29,22.19,1.76,-5.67,Equity : Index Funds
Kotak BSE PSU Index Fund Reg(G),Devender Singhal,EQ-INDX,-,-,-,-,-,-,-,-,-,-11.59,Equity : Index Funds
Kotak BSE Sensex ETF,Devender Singhal,EQ-ETF,8.54,6.08,-2.94,10.32,1.97,9.89,2.03,7.86,6.89,-7.2,Equity : ETFs
Kotak Business Cycle Fund Reg(G),Harish Bihani,EQ-THEM,-,0.67,-3.72,13.24,4.54,7.6,4.11,16.1,10.39,-4.53,Equity : Thematic
Kotak Consumption Fund Reg(G),Devender Singhal,EQ-CONS,-,-,-,-,-,-,0.46,15.52,18,-7.67,Equity : Thematic - Consumption
Kotak Corporate Bond Fund(G),Deepak Agrawal,DT-CORP,1.46,1.55,1.48,2.04,1.51,1.67,2.12,1.71,2.67,1.53,Debt : Corporate Bond
Kotak Credit Risk Fund(G),Deepak Agrawal,DT-CR,1.34,1.25,1.07,1.62,1.52,2.07,2.79,1.52,1.52,1.12,Debt : Credit Risk
Kotak CRISIL IBX AAA Financial Services Index   Sep 2027 Fund Reg(G),Abhishek Bisen,DT-M&LD,-,-,-,-,-,-,-,-,-,1.99,Debt : Medium to Long Duration
Kotak Debt Hybrid Fund(G),Shibani Kurian,HY-DT(CO),4.75,2.1,0.09,5.13,2.76,5.32,3.09,4.41,4.92,-1.34,Hybrid : Debt Oriented (Conservative)
Kotak Dynamic Bond Fund Reg(G),Deepak Agrawal,DT-DYN,1.89,1.61,1.06,2.14,1.26,1.91,3.23,1.74,3.74,0.29,Debt : Dynamic Bond
Kotak ELSS Tax Saver Fund(G),Harsha Upadhyaya,EQ-ELSS,11.8,5.22,-3.43,10.98,6.44,8.37,7.48,13.97,5.65,-5.86,Equity : Tax Saving (ELSS)
Kotak Emerging Equity Fund(G),Atul Bhole,EQ-MID,15.2,1.02,-2.73,13.14,8.93,9.7,2.06,23.67,7.77,-1.82,Equity : Mid Cap
Kotak Equity Arbitrage Fund(G),Hiten Shah,HY-ARB,0.9,1.45,1.71,1.85,1.96,1.66,2.14,1.99,1.64,1.85,Hybrid : Arbitrage
Kotak Equity Hybrid Fund(G),Atul Bhole,HY-EQ,8.24,3.14,-1.9,8.6,4.78,7.57,3.59,12.86,7.52,-3.19,Hybrid : Equity Oriented
Kotak Equity Opp Fund(G),Harsha Upadhyaya,EQ-L&M,12.14,3.73,-2.18,12.33,7.6,9.39,6.57,16.55,5.63,-5.36,Equity : Large & Mid Cap
Kotak Equity Savings Fund(G),Devender Singhal,HY-EQ,3.46,3.19,0.16,5.22,3.35,6.2,3.73,4.49,4.51,-1.38,Hybrid : Equity Oriented
Kotak ESG Exclusionary Strategy Fund Reg(G),Mandar Pawar,EQ-THEM,9.58,6.88,-6.31,10.55,5.61,10.14,3.43,11.33,7.01,-8.94,Equity : Thematic
Kotak Flexicap Fund(G),Harsha Upadhyaya,EQ-FLEX,10.55,5.63,-3.61,10.31,5.8,10.41,4.57,13.73,4.38,-6.16,Equity : Flexi Cap
Kotak Floating Rate Fund Reg(G),Deepak Agrawal,DT-FL,1.75,1.43,1.57,1.95,1.92,1.6,1.83,1.93,2.35,1.84,Debt : Floater
Kotak Focused Equity Fund Reg(G),Shibani Kurian,EQ-MLC,10.59,3.2,-4.21,10.45,3.99,11.5,4.24,12.98,7.34,-7.96,Equity : Multi Cap
Kotak Gilt Fund PF&Trust(G),Abhishek Bisen,DT-GILT,2.69,1.35,1.78,2.11,1.25,1.94,2.44,1.89,3.54,0.2,Debt : Gilt
Kotak Gilt Fund Reg(G),Abhishek Bisen,DT-GILT,2.69,1.35,1.78,2.11,1.25,1.94,2.44,1.89,3.54,0.2,Debt : Gilt
Kotak Global Emerging Mkt Fund(G),Arjun Khanna,FOF-OVR,-6.97,6.08,4.83,-0.58,-0.49,6.8,3.62,3.5,6.11,-6.97,FoFs : Overseas
Kotak Global Innovation FoF Reg(G),Arjun Khanna,FOF-OVR,-1.01,4.53,12.66,7.99,-5.04,13.78,8.56,1.55,5.68,2.6,FoFs : Overseas
Kotak Gold ETF,Abhishek Bisen,GOLD-ETF,-1.11,9.62,7.33,-3,-0.52,8.97,6.18,6.55,4.65,1.01,Gold : ETFs
Kotak Gold Fund(G),Abhishek Bisen,GOLD-MF,-1.05,8.28,8.47,-3.83,-0.11,9.28,5.32,7.21,4.5,0.78,Gold : MFs
Kotak Healthcare Fund Reg(G),Shibani Kurian,EQ-PHRM,-,-,-,-,-,-,10.56,2.09,20.41,2.64,Equity : Sectoral - Pharma
Kotak Income Plus Arbitrage FOF Reg(G),Abhishek Bisen,FOF-DOM,-,-,1.66,2.02,1.99,1.72,1.95,2.57,3.51,0.74,FoFs : Domestic
Kotak India EQ Contra Fund(G),Shibani Kurian,EQ-VAL,10.85,6.41,-2.71,12.02,6.62,16.19,6.94,14.47,7.12,-6.88,Equity : Value / Contra
Kotak Infra & Eco Reform Fund(G),Nalin Rasik Bhatt,EQ-INFRA,15.12,4.12,2.09,12.66,7.12,11.4,10.77,24.12,2.52,-6.05,Equity : Sectoral - Infrastructure
Kotak International REIT FOF Reg(G),Arjun Khanna,FOF-OVR,-8.34,8.86,-1.04,-3.51,-3.16,13.51,-3.2,-5.69,21.07,-12.87,FoFs : Overseas
Kotak Liquid Fund Reg(G),Deepak Agrawal,DT-LIQ,1.24,1.59,1.66,1.69,1.68,1.75,1.84,1.78,1.77,1.72,Debt : Liquid
Kotak Long Duration Fund Reg(G),Abhishek Bisen,DT-LD,-,-,-,-,-,-,-,2.41,3.58,0.23,Debt : Long Duration
Kotak Low Duration Fund(G),Deepak Agrawal,DT-LOWD,1.47,1.43,1.65,1.77,1.63,1.46,1.84,1.71,1.82,1.78,Debt : Low Duration
Kotak Manufacture in India Fund Reg(G),Harsha Upadhyaya,EQ-THEM,9.8,0.16,-2.18,13.81,7.67,10.32,10.12,16.89,4.73,-6.6,Equity : Thematic
Kotak Medium Term Fund(G),Deepak Agrawal,DT-MD,1.61,1.46,1.04,1.72,1.28,1.94,2.89,1.53,3.12,1.2,Debt : Medium Duration
Kotak MNC Fund Reg(G),Harsha Upadhyaya,EQ-MNC,-,-,-,-,-,-,-,-,-,-,Equity : Thematic - MNC
Kotak Money Market Fund(G),Deepak Agrawal,DT-MM,1.26,1.61,1.8,1.89,1.71,1.72,2.04,1.78,1.91,1.78,Debt : Money Market
Kotak Multi Asset Allocation Fund Reg(G),Devender Singhal,HY-MULTI,-,-,-,-,-,9.43,4.33,10.05,5.84,-4.41,Hybrid : Multi Asset Allocation
Kotak Multi Asset Allocator FoF Dynamic(G),Devender Singhal,FOF-DOM,8.25,8.78,-0.4,8.88,4.95,8.41,6.08,9.31,4.97,-2.25,FoFs : Domestic
Kotak Multicap Fund Reg(G),Devender Singhal,EQ-MLC,14.87,4.76,-5.3,16.02,11.82,13.77,9.4,12.32,9.16,-5.24,Equity : Multi Cap
Kotak NASDAQ 100 FoF Reg(G),Arjun Khanna,FOF-OVR,0.88,-3.24,20.7,15.62,-2.54,15.99,7.74,9.14,0.91,8.05,FoFs : Overseas
Kotak Nifty 100 Low Volatility 30 ETF,Devender Singhal,EQ-ETF,7.75,3.09,-1.75,12.06,3.81,15.07,5.36,5.44,12.64,-10.38,Equity : ETFs
Kotak NIFTY 100 Low Volatility 30 Index Fund Reg(G),Devender Singhal,EQ-INDX,-,-,-,-,-,-,-,-,12.14,-10.63,Equity : Index Funds
Kotak Nifty 1D Rate Liquid ETF,Abhishek Bisen,DT-LIQ,-,-,-,1.56,1.57,1.68,1.57,1.59,1.58,1.6,Debt : Liquid
Kotak Nifty 200 Momentum 30 Index Fund Reg(G),Devender Singhal,EQ-INDX,-,-,-,-,8.74,16.94,12.34,15.23,6.68,-12.79,Equity : Index Funds
Kotak Nifty 50 ETF,Devender Singhal,EQ-ETF,8.65,6.03,-4.05,11.01,2.58,10.84,2.92,8.09,7.78,-8.25,Equity : ETFs
Kotak Nifty 50 Index Fund Reg(G),Devender Singhal,EQ-INDX,8.52,5.9,-4.16,10.88,2.46,10.68,2.74,7.88,7.65,-8.36,Equity : Index Funds
Kotak Nifty 50 Value 20 ETF,Devender Singhal,EQ-ETF,6.46,6.67,1.39,7.69,5.66,12.27,5.55,7.61,10.92,-6.64,Equity : ETFs
Kotak Nifty AAA Bond Jun 2025 HTM Index Fund Reg(G),Abhishek Bisen,DT-SD,-,-,-,-,-,-,-,1.75,1.84,1.81,Debt : Short Duration
Kotak Nifty Alpha 50 ETF,Devender Singhal,EQ-ETF,12.48,-0.01,-12.6,20.07,16.56,15.92,11.15,19.18,7.36,-6.91,Equity : ETFs
Kotak Nifty Bank ETF,Devender Singhal,EQ-ETF,15.74,11.16,-5.58,10.78,-0.18,8.27,-2.47,11.7,1.43,-4.05,Equity : ETFs
Kotak Nifty Financial Services Ex Bank Index Fund Reg(G),Devender Singhal,EQ-INDX,-,-,-,-,-,7.25,2.98,7.24,13.52,-9.94,Equity : Index Funds
Kotak Nifty G Sec July 2033 Index Fund Reg(G),Abhishek Bisen,DT-LD,-,-,-,-,-,-,2.29,1.68,3.55,1.14,Debt : Long Duration
Kotak NIFTY India Consumption ETF,Devender Singhal,EQ-ETF,-,-3.99,-5.06,16.37,1.94,13.37,5.81,10.29,15.53,-11.33,Equity : ETFs
Kotak Nifty India Tourism Index Fund Reg(G),Devender Singhal,EQ-INDX,-,-,-,-,-,-,-,-,-,1.45,Equity : Index Funds
Kotak Nifty IT ETF,Devender Singhal,EQ-ETF,-2.39,6.67,0.35,3.7,7.73,12.44,-1.49,4.49,16.12,3.87,Equity : ETFs
Kotak NIFTY Midcap 150 Momentum 50 Index Fund Reg(G),Devender Singhal,EQ-INDX,-,-,-,-,-,-,-,-,-,-,Equity : Index Funds
Kotak Nifty Midcap 50 ETF,Devender Singhal,EQ-ETF,14.38,5.01,-3.25,19.72,14.87,13.37,3.08,16.21,7.62,-5.35,Equity : ETFs
Kotak NIFTY Midcap 50 Index Fund Reg(G),Devender Singhal,EQ-INDX,-,-,-,-,-,-,-,-,-,-5.6,Equity : Index Funds
Kotak NIFTY MNC ETF,Devender Singhal,EQ-ETF,-,0.07,-2.86,14.45,0.82,10.36,6.92,17.42,7.66,-14.05,Equity : ETFs
Kotak Nifty Next 50 Index Fund Reg(G),Devender Singhal,EQ-INDX,16.6,-0.56,-10.43,15.56,2.9,18.36,13.56,17.82,7.75,-11.63,Equity : Index Funds
Kotak Nifty PSU Bank ETF,Devender Singhal,EQ-ETF,22.97,44.06,-14.06,11.25,27.73,8.53,22.5,5.72,-8.37,-3.31,Equity : ETFs
Kotak Nifty SDL Apr 2027 Top 12 Equal Weight Index Fund Reg(G),Abhishek Bisen,DT-M&LD,1.68,2,1.88,1.95,1.11,1.81,1.9,2.08,2.37,1.56,Debt : Medium to Long Duration
Kotak Nifty SDL Apr 2032 Top 12 Equal Weight Index Fund Reg(G),Abhishek Bisen,DT-LD,2.92,1.88,1.49,3.1,1.51,0.89,3.09,1.76,3.2,1.53,Debt : Long Duration
Kotak Nifty SDL Jul 2026 Index Fund Reg(G),Abhishek Bisen,DT-M&LD,-,-,1.71,1.8,1.27,1.77,1.94,1.88,2.2,1.51,Debt : Medium to Long Duration
Kotak Nifty SDL Jul 2033 Index Fund Reg(G),Abhishek Bisen,DT-LD,-,-,-,3.35,1.36,0.74,3.18,1.96,3.34,1.31,Debt : Long Duration
Kotak Nifty SDL Plus AAA PSU Bond Jul 2028 60:40 Index Fund Reg(G),Abhishek Bisen,DT-M&LD,-,-,1.54,2.15,1.19,1.79,2.06,1.76,2.64,1.45,Debt : Medium to Long Duration
Kotak Nifty Smallcap 50 Index Fund Reg(G),Devender Singhal,EQ-INDX,-,-,-,-,19.48,20.99,-1.91,21.7,7.23,-3.03,Equity : Index Funds
Kotak Overnight Fund Reg(G),Deepak Agrawal,DT-ON,1.25,1.48,1.54,1.6,1.6,1.69,1.63,1.62,1.61,1.61,Debt : Overnight
Kotak Pioneer Fund Reg(G),Harish Bihani,EQ-THEM,7.96,-0.27,1.45,14.62,4.96,11.97,7.93,14.7,8.32,-4.12,Equity : Thematic
Kotak Quant Fund Reg(G),Harsha Upadhyaya,EQ-THEM,-,-,-,-,-,20.33,9.45,13.8,7.09,-11.04,Equity : Thematic
Kotak Savings Fund(G),Deepak Agrawal,DT-USD,1.18,1.51,1.69,1.75,1.63,1.56,1.87,1.7,1.79,1.69,Debt : Ultra Short Duration
Kotak Silver ETF,Jeetu Valechha Sonar,GOLD-ETF,-,-,0.82,-4.07,4.2,2.15,1.25,18.01,1.78,-4.11,Gold : ETFs
Kotak Silver ETF FoF Reg(G),Jeetu Valechha Sonar,GOLD-MF,-,-,-,-4.56,3.94,2.2,0.25,17.95,2.07,-4.59,Gold : MFs
Kotak Small Cap Fund(G),Harish Bihani,EQ-SML,12.22,-1.88,-3.24,17.23,7.86,10.2,-0.69,21.82,8.99,-4.85,Equity : Small Cap
Kotak Special Opportunities Fund Reg(G),Devender Singhal,EQ-THEM,-,-,-,-,-,-,-,-,5.55,-5.72,Equity : Thematic
Kotak Technology Fund Reg(G),Shibani Kurian,EQ-TECH,-,-,-,-,-,-,-,10.11,17.51,-0.35,Equity : Sectoral - Technology
LIC MF Aggressive Hybrid Fund(G),Karan Doshi,HY-EQ,7.39,1.76,-2.31,9.55,2.72,8.55,3.96,10.85,6.13,-4.34,Hybrid : Equity Oriented
LIC MF Arbitrage Fund Reg(G),Sumit Bhatnagar,HY-ARB,0.83,1.24,1.57,1.67,1.82,1.47,1.9,1.72,1.64,1.65,Hybrid : Arbitrage
LIC MF Balanced Advantage Fund Reg(G),Yogesh Patil,HY-EQ,5.31,3.53,-1.34,7.15,1.67,5.37,1.4,6.57,4.65,-0.89,Hybrid : Equity Oriented
LIC MF Banking & Financial Services Fund Reg(G),Jaiprakash Toshniwal,EQ-FIN,18.55,8.43,-5.54,14.3,2.64,8.74,-5.63,12.73,0.75,-6.28,Equity : Sectoral - Financial Services
LIC MF Banking & PSU Fund Reg(G),Marzban Irani,DT-B&PSU,0.83,1.46,1.54,1.96,1.31,1.55,2.09,1.59,2.48,1.41,Debt : Banking & PSU
LIC MF BSE Sensex ETF,Sumit Bhatnagar,EQ-ETF,8.63,6.17,-2.91,10.36,2.02,9.93,2.08,7.9,6.89,-7.18,Equity : ETFs
LIC MF BSE Sensex Index Fund Reg(G),Sumit Bhatnagar,EQ-INDX,8.31,5.97,-3.12,10.1,1.78,9.65,1.87,7.61,6.63,-7.4,Equity : Index Funds
LIC MF Childrens Fund Reg(G),Nikhil Rungta,HY-SOL,7.86,2.27,-3.98,11.33,5.1,8.71,0.92,12.21,6.29,-1.56,Hybrid : Solution Oriented
LIC MF Conservative Hybrid Fund(G),Pratik Shroff,HY-DT(CO),2.41,1.71,0.49,2.66,0.77,3.2,1.2,3.48,3.75,-0.44,Hybrid : Debt Oriented (Conservative)
LIC MF Dividend Yield Fund Reg(G),Dikshit Mittal,EQ-DIV,11.57,2.06,-3.12,11.98,7.4,13.64,8.89,18.31,10.35,-7.28,Equity : Thematic - Dividend Yield
LIC MF ELSS Tax Saver Reg(G),Yogesh Patil,EQ-ELSS,13.5,-1.2,-2.6,14.61,3.44,9.35,1.96,15.87,7.79,-3.7,Equity : Tax Saving (ELSS)
LIC MF Equity Savings Fund(G),Sumit Bhatnagar,HY-EQ,4.26,2.19,-1.82,4.71,4.16,4.53,1.51,4.92,3.11,-0.8,Hybrid : Equity Oriented
LIC MF Flexi Cap Fund Reg(G),Nikhil Rungta,EQ-FLEX,11.49,0,-2.72,13.86,6.64,9.02,1.47,15.54,7.73,-5.97,Equity : Flexi Cap
LIC MF Focused Fund Reg(G),Jaiprakash Toshniwal,EQ-LC,10,4.08,-3.66,9.73,3.43,7.97,1.2,10.9,10.44,-9.34,Equity : Large Cap
LIC MF Gilt Fund PF(G),Marzban Irani,DT-GILT,0.63,1.3,1.44,2.36,0.86,1.45,2.94,1.68,3.24,0.43,Debt : Gilt
LIC MF Gilt Fund Reg(G),Marzban Irani,DT-GILT,0.63,1.3,1.44,2.36,0.86,1.45,2.94,1.68,3.24,0.43,Debt : Gilt
LIC MF Gold ETF,Sumit Bhatnagar,GOLD-ETF,-1.06,9.85,8.04,-3.3,-0.7,9.71,7.01,5.66,4.93,1.07,Gold : ETFs
LIC MF Gold ETF FoF(G),Sumit Bhatnagar,GOLD-MF,-0.73,7.8,9.3,-3.07,-0.5,8.86,5.31,7.86,4.95,-0.47,Gold : MFs
LIC MF Healthcare Fund Reg(G),Karan Doshi,EQ-PHRM,7.14,-2.9,-5.55,12.51,8.42,10.96,10.66,4.23,19.88,2.8,Equity : Sectoral - Pharma
LIC MF Infra Fund Reg(G),Yogesh Patil,EQ-INFRA,12.54,1.37,-2.81,14.83,12.2,15.34,8.76,31.63,4.91,-1.6,Equity : Sectoral - Infrastructure
LIC MF Large & Midcap Fund Reg(G),Yogesh Patil,EQ-L&M,12.87,-2.5,-5.66,12.23,7.03,11.81,2.74,21.04,6.91,-3.82,Equity : Large & Mid Cap
LIC MF Large Cap Fund Reg(G),Nikhil Rungta,EQ-LC,9.91,3.18,-4.86,9.63,1.73,10.15,3.17,11.08,7.58,-7.35,Equity : Large Cap
LIC MF Liquid Fund Reg(G),Rahul Singh,DT-LIQ,1.25,1.59,1.66,1.69,1.69,1.75,1.86,1.81,1.78,1.73,Debt : Liquid
LIC MF Low Duration Fund(G),Rahul Singh,DT-LOWD,1.08,1.37,1.67,1.71,1.48,1.51,1.82,1.61,1.85,1.67,Debt : Low Duration
LIC MF Manufacturing Fund Reg(G),Yogesh Patil,EQ-THEM,-,-,-,-,-,-,-,-,-,-,Equity : Thematic
LIC MF Medium to Long Duration Fund Reg(G),Marzban Irani,DT-M&LD,2.08,1.79,1.61,2.84,0.88,1.02,2.77,1.61,3.15,1.19,Debt : Medium to Long Duration
LIC MF Midcap Fund(G),Karan Doshi,EQ-MID,14.06,0,-6.4,17.1,9.32,13.39,1.98,23.95,7.33,-4.88,Equity : Mid Cap
LIC MF Money Market Fund Reg(G),Rahul Singh,DT-MM,-,1.38,1.43,1.57,1.54,1.55,1.66,1.46,1.43,1.38,Debt : Money Market
LIC MF Multi Cap Fund Reg(G),Dikshit Mittal,EQ-MLC,-,-,-3.19,14.02,6.75,10.96,2.99,21.65,8.72,-2.89,Equity : Multi Cap
LIC MF Nifty 100 ETF,Sumit Bhatnagar,EQ-ETF,9.81,4.8,-5.85,11.5,2.65,12.05,4.68,9.49,7.72,-8.81,Equity : ETFs
LIC MF Nifty 50 ETF,Sumit Bhatnagar,EQ-ETF,8.7,6.09,-4.05,11.02,2.56,10.81,2.89,8.08,7.76,-8.26,Equity : ETFs
LIC MF Nifty 50 Index Fund(G),Sumit Bhatnagar,EQ-INDX,8.42,5.89,-4.26,10.66,2.3,10.56,2.65,7.8,7.51,-8.51,Equity : Index Funds
LIC MF Nifty 8 13 yr G Sec ETF,Marzban Irani,DT-ETF,2.13,1.98,1.94,2.87,0.89,2.02,2.55,1.71,3.61,1.31,Debt : ETFs
LIC MF Nifty Midcap 100 ETF,Sumit Bhatnagar,EQ-ETF,-,-,-,-,-,-,-,15.94,7.91,-4.85,Equity : ETFs
LIC MF Nifty Next 50 Index Fund(G),Sumit Bhatnagar,EQ-INDX,16.36,-0.59,-10.45,15.46,2.85,18.24,13.54,17.74,7.63,-11.77,Equity : Index Funds
LIC MF Overnight Fund Reg(G),Rahul Singh,DT-ON,1.26,1.47,1.53,1.59,1.61,1.67,1.63,1.6,1.6,1.59,Debt : Overnight
LIC MF Short Duration Fund Reg(G),Marzban Irani,DT-SD,0.84,1.34,1.53,1.72,1.19,1.62,1.88,1.55,2.39,1.42,Debt : Short Duration
LIC MF Small Cap Fund(G),Nikhil Rungta,EQ-SML,17.18,-1.89,-4.18,17.09,7.74,10.36,2.24,26.92,7.83,0.06,Equity : Small Cap
LIC MF ULIS,Dikshit Mittal,HY-SOL,10.06,0.42,-3.92,9.21,3.77,7.12,0.64,9.16,6.84,-4.77,Hybrid : Solution Oriented
LIC MF Ultra Short Duration Fund Reg(G),Rahul Singh,DT-USD,1.18,1.43,1.46,1.49,1.41,1.45,1.73,1.65,1.73,1.63,Debt : Ultra Short Duration
LIC MF Value Fund Reg(G),Nikhil Rungta,EQ-VAL,8.88,6.86,-5.81,10.68,6.6,10.86,3.82,14.5,10.36,-1.56,Equity : Value / Contra
Mahindra Manulife Aggressive Hybrid Fund Reg(G),Fatema Pacha,HY-EQ,8.67,3.96,-2.68,10.21,5.57,8.93,5.17,11.72,7.55,-5.29,Hybrid : Equity Oriented
Mahindra Manulife Arbitrage Fund Reg(G),Navin Matta,HY-ARB,0.59,1.01,1.41,1.42,1.52,1.31,1.62,1.57,1.34,1.45,Hybrid : Arbitrage
Mahindra Manulife Asia Pacific REITs FOF Reg(G),Krishna Sanghavi,FOF-OVR,-10.18,10.93,-0.12,-5.75,-4.66,11.98,-9.07,-5.72,21.57,-13.35,FoFs : Overseas
Mahindra Manulife Balanced Advantage Fund Reg(G),Manish Lodha,HY-DYN,5.81,2.83,-3.11,8.23,4.98,8.93,5.21,6.57,4.55,-2.63,Hybrid : Dynamic Asset Allocation
Mahindra Manulife Business Cycle Fund Reg(G),Krishna Sanghavi,EQ-THEM,-,-,-,-,-,14.47,9.86,15.23,10.43,-9.97,Equity : Thematic
Mahindra Manulife Consumption Fund Reg(G),Navin Matta,EQ-CONS,16.24,-2.1,-3.82,15.89,3.34,10.26,6.4,12.54,13.07,-10.38,Equity : Thematic - Consumption
Mahindra Manulife Dynamic Bond Fund Reg(G),Rahul Pal,DT-CR,1.24,1.59,1.36,2.08,0.83,1.49,2.64,1.95,2.99,0.52,Debt : Credit Risk
Mahindra Manulife ELSS Tax Saver Fund Reg(G),Fatema Pacha,EQ-ELSS,10.73,3.73,-2.71,12.56,5.64,8.72,2.75,11.37,5.94,-7.37,Equity : Tax Saving (ELSS)
Mahindra Manulife Equity Savings Fund Reg(G),Manish Lodha,HY-EQ,4.86,2.1,-1.85,6.03,4.36,5.55,2.15,4.44,3.46,-1.88,Hybrid : Equity Oriented
Mahindra Manulife Flexi Cap Fund Reg(G),Fatema Pacha,EQ-FLEX,10.41,3.07,-1.58,13.34,6.81,9.88,3.84,11.44,7.17,-7.56,Equity : Flexi Cap
Mahindra Manulife Focused Fund Reg(G),Krishna Sanghavi,EQ-FLEX,9.34,6.36,-2.85,8.95,10.03,11.55,11.1,11.57,7.55,-9.49,Equity : Flexi Cap
Mahindra Manulife Large & Mid Cap Fund Reg(G),Manish Lodha,EQ-L&M,11.39,2.21,-5.78,15.47,9.24,11.27,7.34,9.68,5.75,-6.32,Equity : Large & Mid Cap
Mahindra Manulife Large Cap Fund Reg(G),Fatema Pacha,EQ-LC,8.54,3.59,-4.63,10.94,5.16,9.53,4.82,10.12,6.63,-8.34,Equity : Large Cap
Mahindra Manulife Liquid Fund Reg(G),Rahul Pal,DT-LIQ,1.29,1.61,1.67,1.72,1.72,1.76,1.84,1.79,1.78,1.75,Debt : Liquid
Mahindra Manulife Low Duration Fund Reg(G),Rahul Pal,DT-LOWD,1.08,1.46,1.58,1.73,1.68,1.52,1.76,1.7,1.83,1.7,Debt : Low Duration
Mahindra Manulife Manufacturing Fund Reg(G),Renjith Sivaram,EQ-THEM,-,-,-,-,-,-,-,-,4.6,-10.37,Equity : Thematic
Mahindra Manulife Mid Cap Fund Reg(G),Kirti Dalvi,EQ-MID,14.22,0.39,-1.73,16.52,14.11,12.51,6.68,17.91,8.66,-5.42,Equity : Mid Cap
Mahindra Manulife Multi Asset Allocation Fund Reg(G),Renjith Sivaram,HY-MULTI,-,-,-,-,-,-,-,7.86,5,-3.37,Hybrid : Multi Asset Allocation
Mahindra Manulife Multi Cap Fund Reg(G),Manish Lodha,EQ-MLC,13.56,2.52,-4.4,14.2,10.26,11.51,5.99,14.52,7.77,-5.63,Equity : Multi Cap
Mahindra Manulife Overnight Fund Reg(G),Rahul Pal,DT-ON,1.26,1.48,1.54,1.59,1.62,1.68,1.64,1.61,1.6,1.6,Debt : Overnight
Mahindra Manulife Short Duration Fund Reg(G),Rahul Pal,DT-SD,1.11,1.5,1.54,1.79,1.34,1.79,1.77,1.65,2.38,1.48,Debt : Short Duration
Mahindra Manulife Small Cap Fund Reg(G),Vishal Jajoo,EQ-SML,-,-,-1.14,18.87,15.33,15.97,4.29,18.01,11.78,-6.99,Equity : Small Cap
Mahindra Manulife Ultra Short Duration Fund Reg(G),Rahul Pal,DT-USD,1.19,1.54,1.67,1.76,1.65,1.62,1.84,1.77,1.8,1.74,Debt : Ultra Short Duration
Mirae Asset Aggressive Hybrid Fund Reg(G),Harshad Borawake,HY-EQ,7.56,3.68,-3.21,9.94,3.91,7.66,2.87,8.93,7.54,-5.72,Hybrid : Equity Oriented
Mirae Asset Arbitrage Fund Reg(G),Jignesh Rao,HY-ARB,0.93,1.33,1.62,1.78,1.88,1.58,2.1,1.87,1.59,1.73,Hybrid : Arbitrage
Mirae Asset Balanced Advantage Fund Reg(G),Harshad Borawake,HY-DYN,-,3.28,-1.68,8.45,3.95,6.63,2.17,6.72,4.92,-2.84,Hybrid : Dynamic Asset Allocation
Mirae Asset Banking and Financial Services Fund Reg(G),Gaurav Kochar,EQ-FIN,12.84,10.19,-5.52,14.28,4.28,7.43,-0.84,13.89,3.62,-4.6,Equity : Sectoral - Financial Services
Mirae Asset Banking and PSU Fund Reg(G),Kruti Chheta,DT-B&PSU,1.2,1.45,1.57,1.94,1.28,1.37,2.19,1.55,2.34,1.65,Debt : Banking & PSU
Mirae Asset BSE Sensex ETF,Ekta Gala,EQ-ETF,-,-,-,-,-,9.93,2.08,7.91,6.94,-7.16,Equity : ETFs
Mirae Asset Corp Bond Fund Reg(G),Amit Modani,DT-CORP,1.08,1.66,1.48,2.03,1.23,1.4,2.07,1.62,2.39,1.7,Debt : Corporate Bond
Mirae Asset CRISIL IBX Gilt Index   April 2033 Index Fund Reg(G),Amit Modani,DT-GILT,-,-,1.87,2.74,0.84,2.05,2.4,1.77,3.6,1.17,Debt : Gilt
Mirae Asset Dynamic Bond Fund Reg(G),Amit Modani,DT-DYN,1.49,1.82,1.4,1.75,1.05,1.48,1.78,1.6,2.11,1.4,Debt : Dynamic Bond
Mirae Asset ELSS Tax Saver Fund Reg(G),Neelesh Surana,EQ-ELSS,7.86,4.1,-3.58,12.13,5.95,10.89,2.58,12.7,8.09,-6.19,Equity : Tax Saving (ELSS)
Mirae Asset Equity Allocator FoF Reg(G),Bharti Sawant,FOF-DOM,10.68,4.84,-4.91,12.7,4.55,12.06,4.5,11.09,7.65,-8.1,FoFs : Domestic
Mirae Asset Equity Savings Fund Reg(G),Harshad Borawake,HY-EQ,5,2.69,-1.35,6.48,3.16,5.19,2.28,5.55,4.62,-1.37,Hybrid : Equity Oriented
Mirae Asset Flexi Cap Fund Reg(G),Varun Goel,EQ-FLEX,-,-,-,12.68,5.68,9.46,3.42,11.15,6.79,-4.45,Equity : Flexi Cap
Mirae Asset Focused Fund Reg(G),Gaurav Misra,EQ-MLC,5.49,2.61,-4.4,11.25,3.8,6.17,-0.44,8.6,11.75,-3.83,Equity : Multi Cap
Mirae Asset Global Electric & Autonomous Vehicles ETFs FoF Reg(G),Siddharth Srivastava,FOF-OVR,-,-2.99,14.04,6.77,-8.99,3.69,-2.4,-5.77,4.12,0.47,FoFs : Overseas
Mirae Asset Global X Artificial Intelligence & Technology ETF FoF Reg(G),Siddharth Srivastava,FOF-OVR,-,6.36,21.23,13.49,-2.62,15.89,9.19,5.03,4.68,6.14,FoFs : Overseas
Mirae Asset Gold ETF,Ritesh Patel,GOLD-ETF,-,-,-,-2.89,-0.4,8.96,6.37,6.37,4.66,1.03,Gold : ETFs
Mirae Asset Gold ETF FoF Reg(G),Ritesh Patel,GOLD-ETF,-,-,-,-,-,-,-,-,-,-,Gold : ETFs
Mirae Asset Great Consumer Fund Reg(G),Ankit Jain,EQ-CONS,17.71,-1.2,-3.68,17.96,4.08,12.36,0.51,13.41,15.61,-11.07,Equity : Thematic - Consumption
Mirae Asset Hang Seng TECH ETF,Siddharth Srivastava,EQ-ETF,-26.83,22.15,2.71,-8.97,1.51,-3.61,-7.69,2.87,35.19,-4.04,Equity : ETFs
Mirae Asset Hang Seng TECH ETF FoF Reg(G),Ekta Gala,FOF-OVR,-26.2,20.11,2.73,-9.03,1.97,-1.4,-12.16,13.33,30.04,2.04,FoFs : Overseas
Mirae Asset Healthcare Fund Reg(G),Vrijesh Kasera,EQ-PHRM,9.17,-3.15,-5.11,15.77,12.02,8.92,9.57,4.52,20.04,1.2,Equity : Sectoral - Pharma
Mirae Asset Large & Midcap Fund Reg(G),Neelesh Surana,EQ-L&M,8.27,3.2,-4.39,12.89,8.11,10.84,2.97,12.79,7.08,-7.08,Equity : Large & Mid Cap
Mirae Asset Large Cap Fund Reg(G),Gaurav Misra,EQ-LC,8.54,3.94,-4.29,10.72,3.44,8.05,1.65,10.06,8.76,-7.39,Equity : Large Cap
Mirae Asset Liquid Fund Reg(G),Abhishek Iyer,DT-LIQ,1.27,1.6,1.67,1.71,1.71,1.75,1.84,1.79,1.78,1.74,Debt : Liquid
Mirae Asset Low Duration Fund Reg Savings Plan(G),Basant Bafna,DT-LOWD,1.26,1.41,1.57,1.74,1.57,1.56,1.86,1.73,1.91,1.69,Debt : Low Duration
Mirae Asset Midcap Fund Reg(G),Ankit Jain,EQ-MID,12.81,2.64,-6.46,15.7,12.19,10.77,2.15,16.15,7.86,-6.59,Equity : Mid Cap
Mirae Asset Money Market Fund Reg(G),Amit Modani,DT-MM,1.13,1.46,1.52,1.73,1.62,1.71,1.92,1.72,1.91,1.77,Debt : Money Market
Mirae Asset Multi Asset Allocation Fund Reg(G),Harshad Borawake,HY-MULTI,-,-,-,-,-,-,-,7.49,5.38,-2.86,Hybrid : Multi Asset Allocation
Mirae Asset Multicap Fund Reg(G),Ankit Jain,EQ-MLC,-,-,-,-,-,12.4,1.43,14.15,6.93,-5.4,Equity : Multi Cap
Mirae Asset Nifty 100 ESG Sector Leaders ETF,Ekta Gala,EQ-ETF,7.58,5.64,-6.21,9.65,4.22,10.61,4.37,8.37,8.2,-8.76,Equity : ETFs
Mirae Asset Nifty 100 ESG Sector Leaders FoF Reg(G),Ekta Gala,FOF-DOM,7.44,5.52,-6.5,9.56,4.13,10.41,4.33,8.12,8.13,-8.85,FoFs : Domestic
Mirae Asset Nifty 100 Low Volatility 30 ETF,Ekta Gala,EQ-ETF,-,-,-,12.03,3.69,15.04,5.28,5.46,12.67,-10.4,Equity : ETFs
Mirae Asset Nifty 1D Rate Liquid ETF(G),Amit Modani,DT-ETF,-,-,-,-,-,-,-,-,-,-,Debt : ETFs
Mirae Asset Nifty 1D Rate Liquid ETF(IDCW),Amit Modani,DT-ETF,-,-,-,-,-,1.63,1.57,1.53,1.55,1.55,Debt : ETFs
Mirae Asset Nifty 200 Alpha 30 ETF,Ekta Gala,EQ-ETF,-,-,-,-,-,-,11.56,17.63,5.48,-8.43,Equity : ETFs
Mirae Asset Nifty 50 ETF,Ekta Gala,EQ-ETF,8.68,6.05,-4.03,11.03,2.69,10.83,2.91,8.09,7.78,-8.25,Equity : ETFs
Mirae Asset Nifty 50 Index Fund Reg(G),Ekta Gala,EQ-INDX,-,-,-,-,-,-,-,-,-,-,Equity : Index Funds
Mirae Asset Nifty 8 13 yr G Sec ETF,Amit Modani,DT-ETF,-,-,-,2.82,0.93,2.05,2.54,1.72,3.6,1.31,Debt : ETFs
Mirae Asset Nifty AAA PSU Bond Plus SDL Apr 2026 50:50 Index Fund Reg(G),Amit Modani,DT-B&PSU,-,-,1.65,1.81,1.44,1.67,1.95,1.73,2.02,1.65,Debt : Banking & PSU
Mirae Asset Nifty Bank ETF,Ekta Gala,EQ-ETF,-,-,-,-,-,8.29,-2.44,11.73,1.44,-4.03,Equity : ETFs
Mirae Asset Nifty EV and New Age Automotive ETF,Ekta Gala,EQ-ETF,-,-,-,-,-,-,-,-,-,-14.98,Equity : ETFs
Mirae Asset Nifty Financial Services ETF,Ekta Gala,EQ-ETF,13.28,8.4,-4.87,11.79,-0.96,8.49,-2.29,12.21,4.75,-3.95,Equity : ETFs
Mirae Asset Nifty India Manufacturing ETF,Ekta Gala,EQ-ETF,12.46,0.96,-3.52,15.72,6.76,12.56,10.88,19.41,7,-11.52,Equity : ETFs
Mirae Asset Nifty India Manufacturing ETF FoF Reg(G),Ekta Gala,FOF-DOM,11.99,1.21,-3.79,15.26,6.93,12.36,10.78,19.03,6.94,-11.82,FoFs : Domestic
Mirae Asset Nifty IT ETF,Ekta Gala,EQ-ETF,-,-,-,-,-,-,-1.47,4.53,16.17,3.87,Equity : ETFs
Mirae Asset Nifty LargeMidcap 250 Index Fund Reg(G),Ekta Gala,EQ-INDX,-,-,-,-,-,-,-,-,-,-,Equity : Index Funds
Mirae Asset Nifty Metal ETF,Ekta Gala,EQ-ETF,-,-,-,-,-,-,-,-,-,-,Equity : ETFs
Mirae Asset Nifty Midcap 150 ETF,Ekta Gala,EQ-ETF,16.46,2.02,-4.44,18.2,13.21,12.9,4.15,17.37,7.26,-5.18,Equity : ETFs
Mirae Asset Nifty MidSmallcap400 Momentum Quality 100 ETF,Ekta Gala,EQ-ETF,-,-,-,-,-,-,-,-,5.19,-5.79,Equity : ETFs
Mirae Asset Nifty MidSmallcap400 Momentum Quality 100 ETF FoF Reg(G),Ekta Gala,FOF-DOM,-,-,-,-,-,-,-,-,4.48,-5.74,FoFs : Domestic
Mirae Asset Nifty Next 50 ETF,Ekta Gala,EQ-ETF,16.33,-0.57,-10.3,15.8,3.07,18.55,13.78,18.1,7.97,-11.64,Equity : ETFs
Mirae Asset Nifty PSU Bank ETF,Ekta Gala,EQ-ETF,-,-,-,-,-,-,-,-,-,-,Equity : ETFs
Mirae Asset Nifty SDL Jun 2027 Index Fund Reg(G),Amit Modani,DT-M&LD,1.83,1.96,1.93,1.99,1.09,1.84,1.94,2.1,2.41,1.54,Debt : Medium to Long Duration
Mirae Asset Nifty SDL June 2028 Index Fund Reg(G),Mahendra Kumar Jajoo,DT-M&LD,-,-,-,2.1,1.18,1.85,1.94,1.85,2.78,1.38,Debt : Medium to Long Duration
Mirae Asset Nifty Smallcap 250 Momentum Quality 100 ETF,Ekta Gala,EQ-ETF,-,-,-,-,-,-,-,19.12,4.53,-5.87,Equity : ETFs
Mirae Asset Nifty Smallcap 250 Momentum Quality 100 ETF FoF Reg(G),Ekta Gala,FOF-DOM,-,-,-,-,-,-,-,17.55,4.84,-5.96,FoFs : Domestic
Mirae Asset Nifty Total Market Index Fund Reg(G),Ekta Gala,EQ-INDX,-,-,-,-,-,-,-,-,-,-,Equity : Index Funds
Mirae Asset Nifty200 Alpha 30 ETF FoF Reg(G),Ekta Gala,FOF-DOM,-,-,-,-,-,-,-,-,-,-8.86,FoFs : Domestic
Mirae Asset Nifty500 Multicap 50:25:25 ETF,Ekta Gala,EQ-ETF,-,-,-,-,-,-,-,-,-,-6.58,Equity : ETFs
Mirae Asset NYSE FANG+ ETF,Siddharth Srivastava,EQ-ETF,-1.92,-3.9,37.95,24.67,-3.77,18.22,14.91,13.1,1.13,17.4,Equity : ETFs
Mirae Asset NYSE FANG+ETF FoF Reg(G),Ekta Gala,FOF-OVR,-1.3,-3.52,30.86,25.05,-0.92,18.72,19.83,7.67,0.39,43.51,FoFs : Overseas
Mirae Asset Overnight Fund Reg(G),Abhishek Iyer,DT-ON,1.26,1.49,1.55,1.61,1.63,1.69,1.64,1.62,1.62,1.61,Debt : Overnight
Mirae Asset S&P 500 Top 50 ETF,Siddharth Srivastava,EQ-ETF,-2.87,4.29,11.77,12.47,-1.75,11.12,12.15,8.6,4.4,7.32,Equity : ETFs
Mirae Asset S&P 500 Top 50 ETF FoF Reg(G),Ekta Gala,FOF-OVR,-2.76,2.24,10.14,11.24,0.56,10.19,13.68,7.76,1.23,32.37,FoFs : Overseas
Mirae Asset Short Duration Fund Reg(G),Basant Bafna,DT-SD,1.22,1.41,1.54,1.85,1.33,1.47,1.94,1.6,2.34,1.48,Debt : Short Duration
Mirae Asset Silver ETF,Ritesh Patel,GOLD-ETF,-,-,-,-,4.41,2,1.01,18.23,1.78,-4.12,Gold : ETFs
Mirae Asset Ultra Short Duration Fund Reg(G),Basant Bafna,DT-USD,1.2,1.57,1.71,1.82,1.68,1.72,1.94,1.8,1.89,1.81,Debt : Ultra Short Duration
Motilal Oswal 5 Year G Sec FoF Reg(G),Rakesh Shetty,FOF-DOM,1.44,1.65,1.82,2.09,0.92,2.17,1.72,1.6,2.71,1.73,FoFs : Domestic
Motilal Oswal Asset Allocation Passive FoF Aggressive Reg(G),Bhalchandra Shinde,FOF-DOM,5.3,4.7,-1.07,8.62,2.4,10.11,5.09,7.38,5.98,-2.68,FoFs : Domestic
Motilal Oswal Asset Allocation Passive FoF Conservative Reg(G),Bhalchandra Shinde,FOF-DOM,3.7,3.67,0.14,5.73,1.94,7.12,3.71,5.29,4.68,-1.08,FoFs : Domestic
Motilal Oswal Balanced Advantage Fund Reg(G),Santosh Singh,HY-DYN,10.63,-1.35,-4.55,13.76,12.17,1.89,2.01,8.04,9.89,-9.71,Hybrid : Dynamic Asset Allocation
Motilal Oswal BSE Enhanced Value ETF,Swapnil P Mayekar,EQ-ETF,-,20.97,-3.08,12.6,20.12,23.21,14.6,14.58,6.33,-13.58,Equity : ETFs
Motilal Oswal BSE Enhanced Value Index Fund Reg(G),Swapnil P Mayekar,EQ-INDX,-,20.52,-3.5,12.39,19.81,22.6,13.99,14.22,6.09,-13.73,Equity : Index Funds
Motilal Oswal BSE Financials ex Bank 30 Index Fund Reg(G),Swapnil P Mayekar,EQ-INDX,-,0.81,-8.47,24.21,6.86,8.24,4.66,7.74,11.31,-10.4,Equity : Index Funds
Motilal Oswal BSE Healthcare ETF,Swapnil P Mayekar,EQ-ETF,-,-1.34,-4.83,17.95,10.76,10.66,11.2,5.84,19.44,2.3,Equity : ETFs
Motilal Oswal BSE Low Volatility ETF,Swapnil P Mayekar,EQ-ETF,8.4,5.21,-2.23,11.22,5.06,13.72,7.86,7.22,8.22,-11.04,Equity : ETFs
Motilal Oswal BSE Low Volatility Index Fund Reg(G),Swapnil P Mayekar,EQ-INDX,8.15,5.04,-2.49,11.06,4.9,13.44,7.17,6.88,8.01,-11.19,Equity : Index Funds
Motilal Oswal BSE Quality ETF,Swapnil P Mayekar,EQ-ETF,-,4.41,-4.34,14.73,4.22,16.81,8.17,15.36,8.1,-13.53,Equity : ETFs
Motilal Oswal BSE Quality Index Fund Reg(G),Swapnil P Mayekar,EQ-INDX,-,4.22,-4.54,14.49,4.04,16.47,7.75,15.09,7.74,-13.49,Equity : Index Funds
Motilal Oswal Business Cycle Fund Reg(G),Ajay Khandelwal,EQ-THEM,-,-,-,-,-,-,-,-,-,13.89,Equity : Thematic
Motilal Oswal Developed Market Ex US ETFs FoF Reg(G),Sunil Sawant,FOF-OVR,-,-,-,-,-,10.14,5.08,-0.78,7.17,-6.5,FoFs : Overseas
Motilal Oswal Digital India Fund Reg(G),Varun Sharma,EQ-TECH,-,-,-,-,-,-,-,-,-,-,Equity : Sectoral - Technology
Motilal Oswal ELSS Tax Saver Fund Reg(G),Ajay Khandelwal,EQ-ELSS,14.07,5.33,-2.37,14.39,6.97,14.72,9.78,17.11,12.94,1.74,Equity : Tax Saving (ELSS)
Motilal Oswal Flexi Cap Fund Reg(G),Niket Shah,EQ-FLEX,13.85,-1.21,-6.79,14.81,8.48,12.84,9.88,15.53,13.68,0.96,Equity : Flexi Cap
Motilal Oswal Focused Fund Reg(G),Santosh Singh,EQ-LC,11.77,1.75,-5.28,13.61,1.61,8.66,3.99,11.52,11.78,-12.35,Equity : Large Cap
Motilal Oswal Gold and Silver ETFs FoF Reg(G),Bhalchandra Shinde,GOLD-MF,-,-,7.41,-3.91,0.99,6.67,4.17,10.39,3.66,-1.15,Gold : MFs
Motilal Oswal Large & Midcap Fund Reg(G),Ajay Khandelwal,EQ-L&M,15.66,5.96,-2.03,14.8,9.06,12.55,7.49,16.32,14.08,2.43,Equity : Large & Mid Cap
Motilal Oswal Large Cap Fund Reg(G),Ajay Khandelwal,EQ-LC,-,-,-,-,-,-,-,16.09,11.55,-0.69,Equity : Large Cap
Motilal Oswal Liquid Fund Reg(G),Rakesh Shetty,DT-LIQ,1.15,1.48,1.53,1.59,1.58,1.68,1.75,1.67,1.67,1.62,Debt : Liquid
Motilal Oswal Manufacturing Fund Reg(G),Ajay Khandelwal,EQ-THEM,-,-,-,-,-,-,-,-,-,7.48,Equity : Thematic
Motilal Oswal Midcap Fund Reg(G),Niket Shah,EQ-MID,22.44,-2.24,-2.3,17.9,7.5,14.43,10.57,20.64,12.56,4.66,Equity : Mid Cap
Motilal Oswal Multi Asset Fund Reg(G),Santosh Singh,HY-MULTI,1.74,2.8,-0.51,5.81,6.56,1.19,1.81,5.21,8.15,-11.64,Hybrid : Multi Asset Allocation
Motilal Oswal Multi Cap Fund Reg(G),Ajay Khandelwal,EQ-MLC,-,-,-,-,-,-,-,-,20.26,8.13,Equity : Multi Cap
Motilal Oswal Nasdaq 100 ETF,Sunil Sawant,EQ-ETF,-0.87,-0.73,17.37,17.1,-1.93,14.43,8.74,7.88,2.4,7.01,Equity : ETFs
Motilal Oswal Nasdaq 100 FOF Reg(G),Swapnil P Mayekar,FOF-OVR,-1.69,1.7,17.02,14.26,0.77,13.14,9.19,8.84,0.05,30.51,FoFs : Overseas
Motilal Oswal NASDAQ Q 50 ETF,Sunil Sawant,EQ-ETF,0.47,8.48,3.73,3.93,-5.32,10.5,9.18,-2.69,8.57,8.52,Equity : ETFs
Motilal Oswal Nifty 200 Momentum 30 ETF,Swapnil P Mayekar,EQ-ETF,17.38,1.47,-5.92,16.68,9.11,17.89,12.8,14.77,6.82,-12.64,Equity : ETFs
Motilal Oswal Nifty 200 Momentum 30 Index Fund Reg(G),Swapnil P Mayekar,EQ-INDX,17.29,1.33,-6,16.39,8.92,17.67,12.59,14.64,6.55,-12.73,Equity : Index Funds
Motilal Oswal Nifty 5 Year Benchmark G Sec ETF,Rakesh Shetty,DT-ETF,1.27,2.06,1.93,2.06,1.03,2.29,1.75,1.69,3.24,1.23,Debt : ETFs
Motilal Oswal Nifty 50 ETF,Swapnil P Mayekar,EQ-ETF,8.68,6.06,-4.05,11.02,2.7,10.84,2.9,8.08,7.77,-8.26,Equity : ETFs
Motilal Oswal Nifty 50 Index Fund Reg(G),Swapnil P Mayekar,EQ-INDX,8.57,5.89,-4.18,10.88,2.56,10.69,2.77,7.95,7.65,-8.39,Equity : Index Funds
Motilal Oswal Nifty 500 ETF,Swapnil P Mayekar,EQ-ETF,-,-,-,-,-,-,4.35,11.69,7.69,-7.63,Equity : ETFs
Motilal Oswal Nifty 500 Index Fund Reg(G),Swapnil P Mayekar,EQ-INDX,10.84,4.02,-5.89,12.97,5.34,12.24,4.15,11.28,7.46,-7.79,Equity : Index Funds
Motilal Oswal Nifty 500 Momentum 50 ETF,Swapnil P Mayekar,EQ-ETF,-,-,-,-,-,-,-,-,-,-10.69,Equity : ETFs
Motilal Oswal Nifty 500 Momentum 50 Index Fund Reg(G),Swapnil P Mayekar,EQ-INDX,-,-,-,-,-,-,-,-,-,-10.67,Equity : Index Funds
Motilal Oswal Nifty Bank Index Fund Reg(G),Swapnil P Mayekar,EQ-INDX,15.55,11.11,-5.76,10.56,-0.37,8.05,-2.67,11.44,1.26,-4.19,Equity : Index Funds
Motilal Oswal Nifty India Defence ETF,Swapnil P Mayekar,EQ-ETF,-,-,-,-,-,-,-,-,-,-2.5,Equity : ETFs
Motilal Oswal Nifty India Defence Index Fund Reg(G),Swapnil P Mayekar,EQ-INDX,-,-,-,-,-,-,-,-,-,-2.86,Equity : Index Funds
Motilal Oswal Nifty Microcap 250 Index Fund Reg(G),Swapnil P Mayekar,EQ-INDX,-,-,-,-,-,14.85,1.14,21.23,11.38,-2.94,Equity : Index Funds
Motilal Oswal Nifty Midcap 100 ETF,Swapnil P Mayekar,EQ-ETF,15.99,2.76,-4.65,19.26,13.65,14.03,4.23,16.08,8.15,-4.85,Equity : ETFs
Motilal Oswal Nifty Midcap 150 Index Fund Reg(G),Swapnil P Mayekar,EQ-INDX,16.02,1.85,-4.6,17.94,12.98,12.68,3.91,17.16,7.08,-5.4,Equity : Index Funds
Motilal Oswal Nifty MidSmall Financial Services Index Fund Reg(G),Swapnil P Mayekar,EQ-INDX,-,-,-,-,-,-,-,-,-,-,Equity : Index Funds
Motilal Oswal Nifty MidSmall Healthcare Index Fund Reg(G),Swapnil P Mayekar,EQ-INDX,-,-,-,-,-,-,-,-,-,-,Equity : Index Funds
Motilal Oswal Nifty MidSmall India Consumption Index Fund Reg(G),Swapnil P Mayekar,EQ-INDX,-,-,-,-,-,-,-,-,-,-,Equity : Index Funds
Motilal Oswal Nifty MidSmall IT and Telecom Index Fund Reg(G),Swapnil P Mayekar,EQ-INDX,-,-,-,-,-,-,-,-,-,-,Equity : Index Funds
Motilal Oswal Nifty Next 50 Index Fund Reg(G),Swapnil P Mayekar,EQ-INDX,16.13,-0.63,-10.39,15.64,2.86,18.31,13.54,17.75,7.67,-11.76,Equity : Index Funds
Motilal Oswal Nifty Realty ETF,Swapnil P Mayekar,EQ-ETF,-,-,-,-,-,-,-,22.51,-0.42,-4.3,Equity : ETFs
Motilal Oswal Nifty Smallcap 250 ETF,Swapnil P Mayekar,EQ-ETF,-,-,-,-,-,-,-,19.38,7.48,-3.57,Equity : ETFs
Motilal Oswal Nifty Smallcap 250 Index Fund Reg(G),Swapnil P Mayekar,EQ-INDX,13.73,2.84,-7.44,19.7,16.04,14.56,1.92,19.19,7.44,-3.77,Equity : Index Funds
Motilal Oswal Quant Fund Reg(G),Ajay Khandelwal,EQ-THEM,-,-,-,-,-,-,-,-,7.85,-5.32,Equity : Thematic
Motilal Oswal S&P 500 Index Fund Reg(G),Sunil Sawant,EQ-INTL,-1.63,7.35,4.68,9.83,-2.52,11.31,10.36,3.92,5.87,4.19,Equity : International
Motilal Oswal Small Cap Fund Reg(G),Ajay Khandelwal,EQ-SML,-,-,-,-,-,-,3.35,16.79,14.01,6.08,Equity : Small Cap
Motilal Oswal Ultra Short Term Fund Reg(G),Rakesh Shetty,DT-USD,1,1.27,1.31,1.48,1.43,1.45,1.53,1.45,1.55,1.36,Debt : Ultra Short Duration
Navi Aggressive Hybrid Fund Reg(G),Aditya Mulki,HY-EQ,8.17,3.14,-2.07,9.78,4.36,7.23,1.31,9.21,7.05,-4.6,Hybrid : Equity Oriented
Navi BSE Sensex Index Fund Reg(G),Aditya Mulki,EQ-INDX,-,-,-,-,-,9.56,1.84,7.64,6.67,-7.29,Equity : Index Funds
Navi Conservative Hybrid Fund Reg(G),Aditya Mulki,HY-DT(CO),2.56,1.87,-0.3,3.04,1.85,2.49,2.77,2.11,2.9,-0.93,Hybrid : Debt Oriented (Conservative)
Navi ELSS Tax Saver Fund Reg(G),Aditya Mulki,EQ-ELSS,9.84,3.35,-3.34,12.8,4.85,8.59,0.61,13.72,5.88,-7.73,Equity : Tax Saving (ELSS)
Navi ELSS Tax Saver Nifty 50 Index Fund Reg(G),Aditya Mulki,EQ-ELSS,-,-,-,10.57,2.39,10.29,2.5,7.79,7.49,-8.49,Equity : Tax Saving (ELSS)
Navi Flexi Cap Fund Reg(G),Aditya Mulki,EQ-FLEX,11.28,3.49,-3.89,12.87,6.18,7.86,-0.14,11.98,7.47,-7.33,Equity : Flexi Cap
Navi Large & Midcap Fund Reg(G),Aditya Mulki,EQ-L&M,11.78,1.43,-3.78,14.55,4.6,7.1,-2.77,17.42,7.46,-5.34,Equity : Large & Mid Cap
Navi Liquid Fund Reg(G),Tanmay Sethi,DT-LIQ,1.31,1.55,1.62,1.69,1.64,1.7,1.69,1.67,1.71,1.7,Debt : Liquid
Navi NASDAQ 100 FoF Reg(G),Aditya Mulki,FOF-OVR,-1.75,1.4,19.73,14.93,-1.77,14.65,8.7,7.91,2.44,7.06,FoFs : Overseas
Navi Nifty 50 ETF,Aditya Mulki,EQ-ETF,-,-,-,-,-,10.78,2.95,8.01,7.68,-6.27,Equity : ETFs
Navi Nifty 50 Index Fund Reg(G),Aditya Mulki,EQ-INDX,8.59,5.98,-4.12,10.93,2.6,10.73,2.82,7.98,7.67,-8.33,Equity : Index Funds
Navi Nifty 500 Multicap 50:25:25 Index Fund Reg(G),Aditya Mulki,EQ-INDX,-,-,-,-,-,-,-,-,-,-6.77,Equity : Index Funds
Navi Nifty Bank Index Fund Reg(G),Aditya Mulki,EQ-INDX,15.5,11.02,-5.81,10.56,-0.52,8.09,-2.67,11.51,1.24,-4.22,Equity : Index Funds
Navi Nifty India Manufacturing Index Fund Reg(G),Aditya Mulki,EQ-INDX,-,0.76,-3.69,15.56,6.56,12.39,10.72,19.11,6.52,-11.6,Equity : Index Funds
Navi Nifty Midcap 150 Index Fund Reg(G),Aditya Mulki,EQ-INDX,16.2,1.71,-4.77,17.78,12.78,12.56,3.83,16.96,7.03,-5.44,Equity : Index Funds
Navi Nifty Next 50 Index Fund Reg(G),Aditya Mulki,EQ-INDX,16.48,-0.59,-10.52,15.58,2.92,18.41,13.31,17.87,7.66,-11.55,Equity : Index Funds
Navi Overnight Fund Reg(G),Tanmay Sethi,DT-ON,-,-,-,-,-,1.63,1.55,1.39,1.42,0.63,Debt : Overnight
Navi US Total Stock Market FoF Reg(G),Aditya Mulki,FOF-OVR,-1.81,8.69,6.31,8,-2.16,12.22,10.06,3.16,6.59,4.7,FoFs : Overseas
Nippon India Arbitrage Fund(G),Vikash Agarwal,HY-ARB,0.86,1.38,1.58,1.78,1.88,1.59,2.05,1.88,1.62,1.74,Hybrid : Arbitrage
Nippon India Asset Allocator FoF Reg(G),Sushil Budhia,FOF-DOM,8.02,3.13,0.53,9.42,7.03,9.44,3.52,10.22,5.91,-2.46,FoFs : Domestic
Nippon India Balanced Advantage Fund(G),Amar Kalkundrikar,HY-DYN,6.38,2.19,-1.7,6.75,3.98,7.69,3.9,6.55,5.62,-3.35,Hybrid : Dynamic Asset Allocation
Nippon India Banking & Financial Services Fund(G),Vinay Sharma,EQ-FIN,16.4,9.47,-6.9,16.85,4.09,9.65,0.35,9.89,6.58,-6.12,Equity : Sectoral - Financial Services
Nippon India Banking & PSU Debt Fund(G),Pranay Sinha,DT-B&PSU,1.32,1.56,1.57,2.12,1.33,1.62,2.09,1.62,2.48,1.45,Debt : Banking & PSU
Nippon India Consumption Fund(G),Amar Kalkundrikar,EQ-CONS,20.34,-1.92,-4.83,13.61,6.57,10.12,5.14,12.83,13.74,-12.03,Equity : Thematic - Consumption
Nippon India Corp Bond Fund(G),Vivek Sharma,DT-CORP,1.57,1.81,1.59,2.3,1.42,1.66,2.25,1.68,2.69,1.57,Debt : Corporate Bond
Nippon India Credit Risk Fund(G),Sushil Budhia,DT-CR,1.57,1.58,1.91,2.29,1.81,1.7,2.03,1.83,2.27,1.89,Debt : Credit Risk
Nippon India CRISIL IBX AAA Financial Services   Dec 2026 Index Fund Reg(G),Vivek Sharma,DT-SD,-,-,-,-,-,-,-,-,-,-,Debt : Short Duration
Nippon India CRISIL IBX AAA Financial Services   Jan 2028 Index Fund Reg(G),Vivek Sharma,DT-M&LD,-,-,-,-,-,-,-,-,-,-,Debt : Medium to Long Duration
Nippon India Dynamic Bond Fund(G),Pranay Sinha,DT-DYN,2.44,1.88,1.38,2.78,1.07,1.32,2.56,1.71,3.03,1.4,Debt : Dynamic Bond
Nippon India ELSS Tax Saver Fund(G),Rupesh Patel,EQ-ELSS,10.8,5.25,-5.15,12.23,7.4,12.51,4.87,13.67,7.35,-8.07,Equity : Tax Saving (ELSS)
Nippon India Equity Hybrid Fund(G),Meenakshi Dawar,HY-EQ,8.24,5,-1.3,9.8,5.01,9.02,4.53,8.43,7.01,-4.25,Hybrid : Equity Oriented
Nippon India Equity Hybrid Fund Segregated Portfolio 1 (G),Meenakshi Dawar,HY-EQ,0,0,0,0,0,0,0,0,0,0,Hybrid : Equity Oriented
Nippon India Equity Savings Fund(G),Ashutosh Bhargava,HY-EQ,2.75,2.52,2.74,3.83,1.83,3.41,2.41,3.92,2.71,-1.17,Hybrid : Equity Oriented
Nippon India Equity Savings Fund Segregated Portfolio 1 (G),Ashutosh Bhargava,HY-EQ,0,0,0,0,0,0,0,0,0,0,Hybrid : Equity Oriented
Nippon India ETF BSE Sensex,Himanshu Mange,EQ-ETF,8.6,6.12,-2.88,10.37,2.12,9.96,2.1,7.92,6.95,-7.17,Equity : ETFs
Nippon India ETF BSE Sensex Next 50,Himanshu Mange,EQ-ETF,15.94,-0.65,-5.81,16.65,6.1,15.06,9.22,15.66,8.51,-8.03,Equity : ETFs
Nippon India ETF Gold BeES,Vikram Dhawan,GOLD-ETF,-1.18,9.65,7.39,-3.1,-0.56,8.95,6.34,6.35,4.58,0.93,Gold : ETFs
Nippon India ETF Hang Seng BeES,Kinjal Desai,EQ-ETF,-17.66,17.25,1.94,-6.13,-3.26,-3.77,-2.65,8.9,22.29,-3.05,Equity : ETFs
Nippon India ETF Nifty 100,Himanshu Mange,EQ-ETF,9.67,4.7,-5.88,11.43,2.71,11.99,4.61,9.44,7.66,-8.87,Equity : ETFs
Nippon India ETF Nifty 1D Rate Liquid BeES,Siddharth Deb,DT-ETF,1.08,1.27,1.35,1.43,1.34,1.2,1.19,1.08,1.02,1.27,Debt : ETFs
Nippon India ETF Nifty 5 yr Benchmark G Sec,Pranay Sinha,DT-ETF,1.36,2.07,1.96,2.1,1.1,2.39,1.8,1.78,3.25,1.31,Debt : ETFs
Nippon India ETF Nifty 50 BeES,Himanshu Mange,EQ-ETF,8.69,6.05,-4.03,11.03,2.69,10.84,2.91,8.09,7.78,-8.25,Equity : ETFs
Nippon India ETF Nifty 50 Shariah BeES,Himanshu Mange,EQ-ETF,3.01,4.52,-5.01,6.45,4.65,11.5,0.18,5.77,14.91,-10.22,Equity : ETFs
Nippon India ETF Nifty 50 Value 20,Himanshu Mange,EQ-ETF,6.41,6.6,1.35,7.63,5.61,12.12,5.47,7.54,10.9,-6.67,Equity : ETFs
Nippon India ETF Nifty 8 13 yr G Sec Long Term Gilt,Pranay Sinha,DT-ETF,2.17,2.08,1.93,2.88,0.91,2.03,2.56,1.72,3.62,1.33,Debt : ETFs
Nippon India ETF Nifty Bank BeES,Himanshu Mange,EQ-ETF,15.75,11.21,-5.56,10.81,-0.15,8.28,-2.47,11.69,1.43,-4.05,Equity : ETFs
Nippon India ETF Nifty CPSE Bond Plus SDL Sep 2024 50:50,Vivek Sharma,DT-ETF,1.33,1.72,1.59,2.02,1.63,1.64,1.86,1.76,1.74,0,Debt : ETFs
Nippon India ETF Nifty Dividend Opportunities 50,Himanshu Mange,EQ-ETF,7.51,6.47,2.46,10.5,7.96,17.38,6.61,9.84,11.14,-9.08,Equity : ETFs
Nippon India ETF Nifty India Consumption,Himanshu Mange,EQ-ETF,17.73,-3.98,-5.07,16.29,1.89,13.29,5.81,10.21,15.42,-11.38,Equity : ETFs
Nippon India ETF Nifty Infrastructure BeES,Himanshu Mange,EQ-ETF,7.87,5.64,-3.31,12.42,9.04,16.79,14.04,9.4,4.89,-11.72,Equity : ETFs
Nippon India ETF Nifty IT,Himanshu Mange,EQ-ETF,-2.68,6.68,0.38,3.68,7.73,12.4,-1.51,4.47,16.11,3.83,Equity : ETFs
Nippon India ETF Nifty Midcap 150,Himanshu Mange,EQ-ETF,16.43,2.01,-4.42,18.12,13.21,12.89,4.11,17.34,7.26,-5.27,Equity : ETFs
Nippon India ETF Nifty Next 50 Junior BeES,Himanshu Mange,EQ-ETF,16.29,-0.43,-10.29,15.85,3.11,18.56,13.76,18.07,7.93,-11.65,Equity : ETFs
Nippon India ETF Nifty PSU Bank BeES,Himanshu Mange,EQ-ETF,22.99,44.03,-14.05,11.24,27.65,8.53,22.5,5.75,-8.37,-3.31,Equity : ETFs
Nippon India ETF Nifty SDL Apr 2026 Top 20 Equal Weight,Vivek Sharma,DT-ETF,1.59,2,1.85,1.81,1.44,1.84,1.96,1.88,2.18,1.59,Debt : ETFs
Nippon India Flexi Cap Fund Reg(G),Meenakshi Dawar,EQ-FLEX,10.1,1.31,-4.28,13.73,9.26,11.92,0.98,14.94,6.65,-6.76,Equity : Flexi Cap
Nippon India Floating Rate Fund(G),Vikash Agarwal,DT-FL,1.16,1.6,1.52,2.18,1.76,1.53,2.1,1.75,2.42,1.71,Debt : Floater
Nippon India Focused Equity Fund(G),Vinay Sharma,EQ-FLEX,10.21,2.85,-5.41,11.44,9.88,9.72,-1.4,15.26,5.85,-8.47,Equity : Flexi Cap
Nippon India Gilt Securities Fund(G),Pranay Sinha,DT-GILT,2.15,1.53,1.6,2.33,0.77,1.87,2.87,1.8,3.46,0.51,Debt : Gilt
Nippon India Gold Savings Fund(G),Himanshu Mange,GOLD-MF,-1.46,8.32,9.04,-3.51,-0.12,8.77,5.41,7,4.72,0.76,Gold : MFs
Nippon India Growth Fund(G),Rupesh Patel,EQ-MID,15.54,1.16,-3.66,18.32,12.28,16.1,1.53,18.74,9.67,-4.01,Equity : Mid Cap
Nippon India Hybrid Bond Fund(G),Sushil Budhia,HY-DT(CO),2.49,2.06,2.46,2.98,1.74,2.62,2.15,2.41,2.76,0.25,Hybrid : Debt Oriented (Conservative)
Nippon India Income Fund(G),Vivek Sharma,DT-M&LD,2.75,1.75,1.61,2.42,0.86,1.79,2.49,1.58,3.14,0.7,Debt : Medium to Long Duration
Nippon India Index Fund BSE Sensex Plan(G),Himanshu Mange,EQ-INDX,8.39,5.9,-3.09,10.16,1.93,9.78,1.98,7.77,6.8,-7.26,Equity : Index Funds
Nippon India Index Fund Nifty 50 Plan(G),Himanshu Mange,EQ-INDX,8.46,5.89,-4.19,10.85,2.55,10.66,2.77,7.91,7.63,-8.35,Equity : Index Funds
Nippon India Innovation Fund Reg(G),Vinay Sharma,EQ-THEM,-,-,-,-,-,10.98,5.56,17.37,6.86,-9.17,Equity : Thematic
Nippon India Japan Equity Fund(G),Kinjal Desai,EQ-INTL,-4.95,11.97,5.84,4.71,-2,9.34,7.92,-4.77,10.75,-3.96,Equity : International
Nippon India Large Cap Fund(G),Sailesh Raj Bhan,EQ-LC,12.51,4.85,-2.11,14.17,6.77,10.75,7.26,9.87,6.61,-5.89,Equity : Large Cap
Nippon India Liquid Fund(G),Vikash Agarwal,DT-LIQ,1.26,1.6,1.66,1.69,1.69,1.74,1.85,1.79,1.76,1.73,Debt : Liquid
Nippon India Low Duration Fund(G),Vivek Sharma,DT-LOWD,1.17,1.51,1.58,1.84,1.58,1.57,1.87,1.67,1.89,1.78,Debt : Low Duration
Nippon India Money Market Fund(G),Vikash Agarwal,DT-MM,1.31,1.65,1.82,1.88,1.73,1.73,2.05,1.78,1.92,1.79,Debt : Money Market
Nippon India Multi Asset Allocation Fund Reg(G),Ashutosh Bhargava,HY-MULTI,3.3,5.68,0.55,7.46,3.76,10.83,6.65,8.05,6.52,-3.34,Hybrid : Multi Asset Allocation
Nippon India Multi Cap Fund(G),Sailesh Raj Bhan,EQ-MLC,17.95,2.05,-2.01,16.65,10.57,9.29,6.53,16.84,7.15,-5.66,Equity : Multi Cap
Nippon India Nifty 50 Value 20 Index Fund Reg(G),Himanshu Mange,EQ-INDX,6.24,6.44,1.19,7.49,5.48,12.02,5.37,7.41,10.72,-6.8,Equity : Index Funds
Nippon India Nifty 500 Equal Weight Index Fund Reg(G),Himanshu Mange,EQ-INDX,-,-,-,-,-,-,-,-,-,-7.03,Equity : Index Funds
Nippon India Nifty 500 Momentum 50 Index Fund Reg(G),Himanshu Mange,EQ-INDX,-,-,-,-,-,-,-,-,-,-10.75,Equity : Index Funds
Nippon India Nifty AAA CPSE Bond Plus SDL   Apr 2027 Maturity 60:40 Index Fund(G),Vivek Sharma,DT-M&LD,1.49,1.94,1.54,1.95,1.29,1.67,2.02,1.76,2.22,1.64,Debt : Medium to Long Duration
Nippon India Nifty AAA PSU Bond Plus SDL   Sep 2026 Maturity 50:50 Index Fund Reg(G),Vivek Sharma,DT-B&PSU,-,-,1.6,1.85,1.38,1.66,1.98,1.73,2.12,1.64,Debt : Banking & PSU
Nippon India Nifty Alpha Low Volatility 30 Index Fund(G),Himanshu Mange,EQ-INDX,-,0.17,-1.36,13.36,4.72,17.19,12.51,6.62,11.03,-12.65,Equity : Index Funds
Nippon India Nifty Auto ETF,Himanshu Mange,EQ-ETF,8.99,-0.72,-2.9,23.64,7.5,14.97,15.02,17.8,7.69,-15.53,Equity : ETFs
Nippon India Nifty Bank Index Fund Reg(G),Himanshu Mange,EQ-INDX,-,-,-,-,-,-,-,11.47,1.25,-4.21,Equity : Index Funds
Nippon India Nifty G Sec Jun 2036 Maturity Index Fund Reg(G),Vivek Sharma,DT-GILT,-,-,2.16,2.84,0.91,1.89,3.35,1.99,3.54,1.16,Debt : Gilt
Nippon India Nifty G Sec Oct 2028 Maturity Index Fund Reg(G),Vivek Sharma,DT-M&LD,-,-,-,2,1.13,2.17,1.82,1.82,2.66,1.39,Debt : Medium to Long Duration
Nippon India Nifty G Sec Sep 2027 Maturity Index Fund Reg(G),Vivek Sharma,DT-GILT,-,-,1.88,2.01,1.13,2.14,1.76,1.8,2.42,1.42,Debt : Gilt
Nippon India Nifty IT Index Fund Reg(G),Himanshu Mange,EQ-INDX,-,-,-,-,-,-,-,4.26,15.86,3.59,Equity : Index Funds
Nippon India Nifty Midcap 150 Index Fund Reg(G),Himanshu Mange,EQ-INDX,16.2,1.84,-4.59,17.89,13,12.72,3.91,17.12,7.05,-5.42,Equity : Index Funds
Nippon India Nifty Next 50 Junior BeES FoF Reg(G),Himanshu Mange,FOF-DOM,16.01,-0.2,-10.5,15.8,3.09,18.34,13.39,18.11,7.87,-11.59,FoFs : Domestic
Nippon India Nifty Pharma ETF,Himanshu Mange,EQ-ETF,7.1,-2.9,-4.37,14.53,12.5,9.11,13.01,3.84,18.32,0.53,Equity : ETFs
Nippon India Nifty SDL Plus G Sec   Jun 2029 Maturity 70:30 Index Fund Reg(G),Vivek Sharma,DT-M&LD,-,-,-,2.48,1.12,1.78,2.24,1.82,2.97,1.46,Debt : Medium to Long Duration
Nippon India Nifty SDL Plus G Sec Jun 2028 Maturity 70:30 Index Fund Reg(G),Vivek Sharma,DT-M&LD,-,-,1.84,2.08,1.17,1.97,1.93,1.93,2.68,1.41,Debt : Medium to Long Duration
Nippon India Nifty Smallcap 250 Index Fund Reg(G),Himanshu Mange,EQ-INDX,13.81,2.87,-7.43,19.7,15.93,14.49,1.84,19.09,7.5,-3.76,Equity : Index Funds
Nippon India Nivesh Lakshya Fund(G),Pranay Sinha,DT-LD,3.29,2.49,2.23,2.83,0.55,1.47,4.55,2.16,3.7,0.5,Debt : Long Duration
Nippon India Overnight Fund Reg(G),Siddharth Deb,DT-ON,1.26,1.48,1.55,1.61,1.63,1.68,1.64,1.62,1.61,1.61,Debt : Overnight
Nippon India Passive Flexicap FoF Reg(G),Ashutosh Bhargava,FOF-DOM,10.72,4.09,-6.07,13.16,5.88,11.86,3.7,11.98,7.45,-7.54,FoFs : Domestic
Nippon India Pharma Fund(G),Sailesh Raj Bhan,EQ-PHRM,8.2,0.15,-4.25,17.1,11.23,11.58,9.06,4.01,17.22,0.8,Equity : Sectoral - Pharma
Nippon India Power & Infra Fund(G),Rahul Modi,EQ-POWER,18.36,5.76,1.03,16.05,14.58,17.61,13.06,19.73,2.72,-8.72,Equity : Sectoral - Energy / Power
Nippon India Quant Fund(G),Ashutosh Bhargava,EQ-THEM,11.46,5.61,-2.07,12.99,5.5,15.7,7.36,9.02,8.9,-5.92,Equity : Thematic
Nippon India Retirement Fund Income Generation(G),Pranay Sinha,HY-SOL,4.48,2.83,0.21,4.96,1.67,3.07,4.14,3.65,3.94,-0.9,Hybrid : Solution Oriented
Nippon India Retirement Fund Wealth Creation(G),Pranay Sinha,HY-SOL,11.78,3.85,-5.1,13.96,8.72,11.47,5.34,12.64,7.45,-5.5,Hybrid : Solution Oriented
Nippon India Short Term Fund(G),Sushil Budhia,DT-SD,1.29,1.59,1.48,2.06,1.37,1.75,2.02,1.61,2.46,1.66,Debt : Short Duration
Nippon India Silver ETF,Vikram Dhawan,GOLD-ETF,-5.32,25.04,0.83,-4.34,4.38,2.01,0.94,18.3,1.7,-4.18,Gold : ETFs
Nippon India Silver ETF FOF Reg(G),Himanshu Mange,FOF-DOM,-5.07,19.57,4.97,-4.46,4.29,2.16,0.19,18.41,2.33,-5.05,FoFs : Domestic
Nippon India Small Cap Fund(G),Samir Rachh,EQ-SML,16.11,2.66,-2.24,19.86,12.54,12.93,1.96,20.16,7.32,-4.12,Equity : Small Cap
Nippon India Strategic Debt Fund(G),Sushil Budhia,DT-MD,1.02,1.49,2.21,2,1.2,1.45,2.08,1.8,2.53,1.68,Debt : Medium Duration
Nippon India Taiwan Equity Fund Reg(G),Kinjal Desai,EQ-INTL,-11.32,6.35,18.1,10.4,-1.06,12.04,11.87,5.27,-1.98,7.61,Equity : International
Nippon India Ultra Short Duration Fund(G),Vivek Sharma,DT-USD,1.22,1.48,1.63,1.72,1.6,1.58,1.86,1.7,1.78,1.72,Debt : Ultra Short Duration
Nippon India US Equity Opp Fund(G),Kinjal Desai,EQ-INTL,-4.8,5.22,6.6,11.52,-1.92,13.53,11.56,0.95,2.11,5.44,Equity : International
Nippon India Value Fund(G),Dhrumil Shah,EQ-VAL,11.47,3.92,-5.25,15.78,8.76,19.34,4.75,14.01,8.76,-5.81,Equity : Value / Contra
Nippon India Vision Fund(G),Amar Kalkundrikar,EQ-L&M,11.43,2.64,-2.75,13.02,7.55,13.55,6.55,14.17,8.32,-4.64,Equity : Large & Mid Cap
NJ Balanced Advantage Fund Reg(G),Viral Shah,HY-EQ,6.46,2.26,-1.21,7.12,5.32,10.37,4.66,5.54,6.8,-6.72,Hybrid : Equity Oriented
NJ ELSS Tax Saver Scheme Reg(G),Viral Shah,EQ-ELSS,-,-,-,-,8.88,17.03,2.71,10.17,10.33,-8.8,Equity : Tax Saving (ELSS)
NJ Flexi Cap Fund Reg(G),Dhaval Patel,EQ-FLEX,-,-,-,-,-,19.58,7.61,9.07,10.78,-12.53,Equity : Flexi Cap
Old Bridge Focused Equity Fund Reg(G),Tarang Agrawal,EQ-FLEX,-,-,-,-,-,-,-,13.02,12.68,-7.29,Equity : Flexi Cap
Parag Parikh Arbitrage Fund Reg(G),Rajeev Thakkar,HY-ARB,-,-,-,-,-,-,1.91,1.89,1.64,1.76,Hybrid : Arbitrage
Parag Parikh Conservative Hybrid Fund Reg(G),Rajeev Thakkar,HY-DT(CO),2.51,2.82,1.39,2.91,4.9,3.87,4.36,3.52,4.16,-0.04,Hybrid : Debt Oriented (Conservative)
Parag Parikh Dynamic Asset Allocation Fund Reg(G),Rajeev Thakkar,HY-DYN,-,-,-,-,-,-,-,4.35,3.78,0.09,Hybrid : Dynamic Asset Allocation
Parag Parikh ELSS Tax Saver Fund Reg(G),Rajeev Thakkar,EQ-ELSS,9.17,3.97,-0.75,9.94,6.75,9.35,4.2,8.79,10.17,-3.56,Equity : Tax Saving (ELSS)
Parag Parikh Flexi Cap Fund Reg(G),Rajeev Thakkar,EQ-FLEX,6.26,2.06,3.73,12.19,5.18,11.57,6.38,9.25,7.96,-1.24,Equity : Flexi Cap
Parag Parikh Liquid Fund Reg(G),Raj Mehta,DT-LIQ,1.2,1.49,1.53,1.63,1.62,1.68,1.73,1.69,1.69,1.66,Debt : Liquid
PGIM India Arbitrage Fund Reg(G),Chetan Chavan,HY-ARB,0.75,1.3,1.53,1.61,1.79,1.52,1.82,1.75,1.68,1.64,Hybrid : Arbitrage
PGIM India Balanced Advantage Fund Reg(G),Utsav Mehta,HY-DYN,8.42,0.44,0.26,7.97,0.8,5.81,1.81,7.39,5.64,-4.63,Hybrid : Dynamic Asset Allocation
PGIM India Corp Bond Fund(G),Puneet Pal,DT-CORP,0.99,1.31,1.48,2.04,1.25,1.49,2.01,1.48,2.51,1.41,Debt : Corporate Bond
PGIM India CRISIL IBX Gilt Index   Apr 2028 Fund Reg(G),Puneet Pal,DT-M&LD,-,-,-,2,1.19,2.03,1.79,1.79,2.53,1.39,Debt : Medium to Long Duration
PGIM India Dynamic Bond Fund(G),Puneet Pal,DT-DYN,1.2,1,1.29,2.14,0.95,1.61,2.82,1.99,3.16,0.73,Debt : Dynamic Bond
PGIM India ELSS Tax Saver Fund Reg(G),Sharma Vivek,EQ-ELSS,8.64,5.7,-3.06,10.96,2.24,8.64,0.64,11.21,7.04,-3.51,Equity : Tax Saving (ELSS)
PGIM India Emerging Markets Equity Fund(G),Chetan Gindodia,FOF-OVR,-8.62,-1.32,0.8,0.62,1.41,11.46,4.91,7.87,4.13,2.38,FoFs : Overseas
PGIM India Equity Savings Fund(G),Anandha Padmanabhan Anjeneyan,HY-EQ,2.02,1.82,0.56,3.09,1.43,2.81,1.84,2.73,2.55,0,Hybrid : Equity Oriented
PGIM India Flexi Cap Fund Reg(G),Anandha Padmanabhan Anjeneyan,EQ-FLEX,9.82,2.26,-3.07,11.42,1.71,9.18,2.6,9.64,8.5,-5.38,Equity : Flexi Cap
PGIM India Gilt Fund(G),Puneet Pal,DT-GILT,1.02,1.31,1.48,2.18,1.09,1.72,3.01,1.82,3.37,0.44,Debt : Gilt
PGIM India Global Equity Opp Fund(G),Chetan Gindodia,FOF-OVR,-1.74,2.97,17.27,10.11,-5.21,13.98,15.02,4.67,1.81,1.15,FoFs : Overseas
PGIM India Global Select Real Estate Securities FoF Reg(G),Chetan Gindodia,FOF-OVR,-8.54,7.22,1.97,0.11,-4.21,14.01,1.98,-2.15,15.87,-6.76,FoFs : Overseas
PGIM India Hybrid Equity Fund(G),Sharma Vivek,HY-EQ,7.01,4.57,-0.25,8.08,0.46,8.23,2.85,8.22,4.63,-1.82,Hybrid : Equity Oriented
PGIM India Large and Mid Cap Fund(G),Vinay Paharia,EQ-L&M,-,-,-,-,-,-,-,11.34,7.59,-3.85,Equity : Large & Mid Cap
PGIM India Large Cap Fund(G),Anandha Padmanabhan Anjeneyan,EQ-LC,8.19,5.9,-2.88,10.44,1.7,9.7,2.98,6.96,7.66,-7.75,Equity : Large Cap
PGIM India Liquid Fund(G),Bhupesh Kalyani,DT-LIQ,1.27,1.59,1.67,1.71,1.71,1.74,1.81,1.79,1.77,1.75,Debt : Liquid
PGIM India Midcap Opp Fund Reg(G),Sharma Vivek,EQ-MID,15.86,-1.91,-4.58,11.92,3.88,8.93,1.89,15.25,7.29,-4,Equity : Mid Cap
PGIM India Money Market Fund Reg(G),Puneet Pal,DT-MM,1.08,1.57,1.78,1.87,1.61,1.64,1.84,1.68,1.84,1.7,Debt : Money Market
PGIM India Multi Cap Fund Reg(G),Sharma Vivek,EQ-MLC,-,-,-,-,-,-,-,-,-,-5.45,Equity : Multi Cap
PGIM India Overnight Fund Reg(G),Bhupesh Kalyani,DT-ON,1.28,1.49,1.51,1.61,1.63,1.68,1.64,1.64,1.61,1.62,Debt : Overnight
PGIM India Retirement Fund Reg(G),Vinay Paharia,HY-SOL,-,-,-,-,-,-,-,-,8.72,-3.31,Hybrid : Solution Oriented
PGIM India Small Cap Fund Reg(G),Utsav Mehta,EQ-SML,15.09,-2.08,-6.19,11.61,7.85,9.73,-1.71,15.62,9.11,-3.49,Equity : Small Cap
PGIM India Ultra Short Duration Fund(G),Puneet Pal,DT-USD,1.14,1.47,1.59,1.66,1.54,1.58,1.74,1.63,1.7,1.63,Debt : Ultra Short Duration
Quant Absolute Fund(G),Sanjeev Sharma,HY-EQ,13.65,3.3,-6.93,8.12,4.19,10.33,9.91,9.11,3.41,-10.9,Hybrid : Equity Oriented
Quant Active Fund(G),Ankit Pande,EQ-MLC,16.96,5.31,-9.94,12.57,9.74,12.24,7.92,14.27,1.27,-10.44,Equity : Multi Cap
Quant BFSI Fund Reg(G),Sandeep Tandon,EQ-FIN,-,-,-,-,14.88,16.2,10.81,11.23,3.66,-11.62,Equity : Sectoral - Financial Services
Quant Business Cycle Fund Reg(G),Sandeep Tandon,EQ-THEM,-,-,-,-,15.9,15.87,6.94,14.61,11.46,-12.76,Equity : Thematic
Quant Commodities Fund Reg(G),Ankit Pande,EQ-THEM,-,-,-,-,-,-,13,15.5,14.9,-8.73,Equity : Thematic
Quant Consumption Fund Reg(G),Sandeep Tandon,EQ-CONS,-,-,-,-,-,-,-,5.19,8.7,-12.13,Equity : Thematic - Consumption
Quant Dynamic Asset Allocation Fund Reg(G),Sandeep Tandon,HY-DYN,-,-,-,-,9.94,13.68,14.28,9.06,4.81,-7.95,Hybrid : Dynamic Asset Allocation
Quant ELSS Tax Saver Fund(G),Ankit Pande,EQ-ELSS,17.69,3.15,-8.72,11.84,9.53,16.66,8.61,13.6,3.43,-14.38,Equity : Tax Saving (ELSS)
Quant ESG Equity Fund Reg(G),Ankit Pande,EQ-THEM,18.15,3.73,-8.5,13.05,9.09,11.08,9.33,11.55,9.46,-12.16,Equity : Thematic
Quant Flexi Cap Fund(G),Ankit Pande,EQ-FLEX,16.56,5.53,-7.68,11.83,9.05,15.28,12.02,13.47,4.9,-13.54,Equity : Flexi Cap
Quant Focused Fund(G),Ankit Pande,EQ-LC,13.22,4.79,-7.02,12.04,6.63,15.42,9.96,9.14,6.23,-12.42,Equity : Large Cap
Quant Gilt Fund Reg(G),Sanjeev Sharma,DT-GILT,-,-,1.42,2.14,1.13,1.38,2.03,1.57,2.54,1.18,Debt : Gilt
Quant Healthcare Fund Reg(G),Sandeep Tandon,EQ-PHRM,-,-,-,-,-,13.48,7.78,11.82,16.81,-7.88,Equity : Sectoral - Pharma
Quant Infrastructure Fund(G),Ankit Pande,EQ-INFRA,18.1,5.67,-8.41,8.82,9.97,21.05,19.17,13.7,0.28,-8.83,Equity : Sectoral - Infrastructure
Quant Large & Mid Cap Fund(G),Ankit Pande,EQ-L&M,13.09,6.7,-7.89,11.5,9.83,17.24,12.26,13.88,3.16,-10.63,Equity : Large & Mid Cap
Quant Large Cap Fund Reg(G),Sandeep Tandon,EQ-LC,-,2.71,-8.23,13.49,5.69,15.23,10.23,8.32,6.02,-9.81,Equity : Large Cap
Quant Liquid Plan(G),Sanjeev Sharma,DT-LIQ,1.23,1.5,1.6,1.62,1.65,1.68,1.76,1.68,1.71,1.73,Debt : Liquid
Quant Manufacturing Fund Reg(G),Sandeep Tandon,EQ-THEM,-,-,-,-,-,15.11,12.36,16.32,8.35,-12.75,Equity : Thematic
Quant Mid Cap Fund(G),Ankit Pande,EQ-MID,16.68,5.82,-7.71,12.32,15.85,12.09,13.5,15.82,1.08,-10.49,Equity : Mid Cap
Quant Momentum Fund Reg(G),Sandeep Tandon,EQ-THEM,-,-,-,-,-,-,18.5,14.96,4.63,-12.53,Equity : Thematic
Quant Multi Asset Fund(G),Sanjeev Sharma,HY-MULTI,13.42,5.26,-4.07,6.85,4.36,13.99,12.88,9.41,5.69,-3.51,Hybrid : Multi Asset Allocation
Quant Overnight Fund Reg(G),Sanjeev Sharma,DT-ON,-,-,1.55,1.68,1.73,1.89,1.72,1.69,1.62,1.67,Debt : Overnight
Quant PSU Fund Reg(G),Sandeep Tandon,EQ-THEM,-,-,-,-,-,-,-,16.07,7.97,-17.65,Equity : Thematic
Quant Quantamental Fund Reg(G),Sandeep Tandon,EQ-THEM,16.17,11.16,-5.08,14.64,7.55,17.32,13.63,11.98,3.28,-13.29,Equity : Thematic
Quant Small Cap Fund(G),Ankit Pande,EQ-SML,16.08,9,-4.77,16.38,14.2,15.65,8.32,15.95,5.96,-8.07,Equity : Small Cap
Quant Teck Fund Reg(G),Sandeep Tandon,EQ-TECH,-,-,-,-,-,8.99,8.03,10.89,5.65,-2.65,Equity : Sectoral - Technology
Quant Value Fund Reg(G),Sandeep Tandon,EQ-VAL,15.33,11.1,-8.73,13.73,8.32,21.72,14.99,13.65,5.01,-9.6,Equity : Value / Contra
Quantum Dynamic Bond Fund Reg(G),Pankaj Pathak,DT-DYN,1.33,2.33,1.51,2.39,1.19,1.94,3.05,1.81,3.33,0.71,Debt : Dynamic Bond
Quantum ELSS Tax Saver Fund Reg(G),George Thomas,EQ-ELSS,8.21,5.53,-4.91,12.48,5.81,11.9,5.29,12.87,7.19,-4.82,Equity : Tax Saving (ELSS)
Quantum Equity FoF Reg(G),Chirag Mehta,FOF-DOM,11.09,2.67,-3.83,12.58,5,9.84,4.49,12.84,8.03,-6.2,FoFs : Domestic
Quantum ESG Best In Class Strategy Fund Reg(G),Chirag Mehta,EQ-THEM,10.03,1.35,-2.66,11.72,4.55,9.61,3.15,7.84,11.72,-7.37,Equity : Thematic
Quantum Gold Fund ETF,Chirag Mehta,GOLD-ETF,-1.13,9.7,7.8,-3.41,-0.83,9.41,5.73,6.59,5.31,0.2,Gold : ETFs
Quantum Gold Saving Fund Reg(G),Chirag Mehta,GOLD-MF,-1.44,8.44,8.78,-3.21,-0.26,9.03,5.2,7.16,4.92,0.68,Gold : MFs
Quantum Liquid Fund Reg(G),Pankaj Pathak,DT-LIQ,1.21,1.53,1.59,1.66,1.66,1.69,1.75,1.73,1.7,1.67,Debt : Liquid
Quantum Long Term Equity Value Fund Reg(G),George Thomas,EQ-VAL,8.28,5.47,-5,12.63,5.87,11.91,5.36,13.05,7.3,-4.85,Equity : Value / Contra
Quantum Multi Asset Allocation Fund Reg(G),Chirag Mehta,HY-MULTI,-,-,-,-,-,-,-,5.7,4.92,-2.89,Hybrid : Multi Asset Allocation
Quantum Multi Asset FOFs Reg(G),Chirag Mehta,FOF-DOM,3.45,4,0.47,4.4,1.99,6.28,3.21,5.3,4.93,-2.01,FoFs : Domestic
Quantum Nifty 50 ETF FoF Reg(G),Hitendra Parekh,FOF-DOM,-,5.97,-4.08,10.86,2.59,10.75,2.47,8.3,7.81,-8.32,FoFs : Domestic
Quantum Small Cap Fund Reg(G),Chirag Mehta,EQ-SML,-,-,-,-,-,-,-1.43,12.73,7.36,-3.27,Equity : Small Cap
Samco Active Momentum Fund Reg(G),Paras Matalia,EQ-THEM,-,-,-,-,-,16.35,4.11,10.1,7.89,2.46,Equity : Thematic
Samco Arbitrage Fund Reg(G),Umeshkumar Mehta,HY-ARB,-,-,-,-,-,-,-,-,-,-,Hybrid : Arbitrage
Samco Dynamic Asset Allocation Fund Reg(G),Umeshkumar Mehta,HY-DYN,-,-,-,-,-,-,1.3,6.32,7.52,-5.79,Hybrid : Dynamic Asset Allocation
Samco ELSS Tax Saver Fund Reg(G),Nirali Bhansali,EQ-ELSS,-,-,-1.79,10.96,10.7,10.74,-2.76,12.51,2.46,-3,Equity : Tax Saving (ELSS)
Samco Flexi Cap Fund Reg(G),Nirali Bhansali,EQ-FLEX,13.86,-1.27,-5.25,15.5,5.78,8.06,-1.71,6.63,2.29,-2.48,Equity : Flexi Cap
Samco Multi Cap Fund Reg(G),Umeshkumar Mehta,EQ-MLC,-,-,-,-,-,-,-,-,-,-,Equity : Multi Cap
Samco Overnight Fund Reg(G),Dhawal Ghanshyam Dhanani,DT-ON,-,-,1.48,1.54,1.58,1.63,1.58,1.53,1.51,1.53,Debt : Overnight
Samco Special Opportunities Fund Reg(G),Paras Matalia,EQ-THEM,-,-,-,-,-,-,-,-,0.59,-7.39,Equity : Thematic
SBI Arbitrage Opportunities Fund Reg(G),Neeraj Kumar,HY-ARB,0.92,1.53,1.72,1.98,1.91,1.61,2.02,1.91,1.63,1.77,Hybrid : Arbitrage
SBI Automotive Opportunities Fund Reg(G),Tanmaya Desai,EQ-AUTO,-,-,-,-,-,-,-,-,7.23,-15.76,Equity : Sectoral - Auto
SBI Balanced Advantage Fund Reg(G),Dinesh Balachandran,HY-DYN,4.64,3.46,0.81,7.96,3.91,6.45,5.73,5.57,4.06,-2.32,Hybrid : Dynamic Asset Allocation
SBI Banking & Financial Services Fund Reg(G),Milind Agrawal,EQ-FIN,14.04,7.11,-8.01,13.36,2.16,11.32,3.41,12.53,5.24,-2.37,Equity : Sectoral - Financial Services
SBI Banking and PSU Fund Reg(G),Rajeev Radhakrishnan,DT-B&PSU,1.05,1.55,1.57,1.92,1.41,1.51,2.05,1.53,2.47,1.42,Debt : Banking & PSU
SBI BlueChip Fund Reg(G),Saurabh Pant,EQ-LC,9.29,4.89,-2.95,13.03,2.67,8.89,2.5,9.66,8.09,-7.44,Equity : Large Cap
SBI BSE 100 ETF,Raviprakash Sharma,EQ-ETF,10.1,5.03,-4.29,11.78,3.19,11.48,4.2,9.5,7.97,-8.19,Equity : ETFs
SBI BSE Sensex ETF,Raviprakash Sharma,EQ-ETF,8.61,6.12,-2.89,10.37,2.06,9.94,2.09,7.91,6.94,-7.17,Equity : ETFs
SBI BSE Sensex Index Fund Reg(G),Raviprakash Sharma,EQ-INDX,-,-,-,-,1.98,9.82,1.98,7.79,6.82,-7.27,Equity : Index Funds
SBI BSE Sensex Next 50 ETF,Raviprakash Sharma,EQ-ETF,15.96,-0.45,-5.8,16.75,6.14,15.13,9.26,15.73,8.56,-8.06,Equity : ETFs
SBI Conservative Hybrid Fund Reg(G),Saurabh Pant,HY-DT(CO),4.48,1.92,0.36,5.33,3.32,2.73,2.73,5.13,3.55,-0.74,Hybrid : Debt Oriented (Conservative)
SBI Consumption Opp Fund Reg(G),Ashit Desai,EQ-CONS,16.3,-0.86,-2.47,14.36,6.54,9.33,1.36,13.65,15.63,-7.79,Equity : Thematic - Consumption
SBI Contra Fund Reg(G),Dinesh Balachandran,EQ-VAL,12.44,5.59,-1.08,12.93,9.37,13.13,5.86,12.53,6.99,-6.78,Equity : Value / Contra
SBI Corp Bond Fund Reg(G),Rajeev Radhakrishnan,DT-CORP,1.11,1.62,1.49,1.99,1.46,1.53,2.02,1.64,2.48,1.55,Debt : Corporate Bond
SBI CPSE Bond Plus SDL Sep 2026 50:50 Index Fund Reg(G),Ranjana Gupta,DT-MD,1.45,1.88,1.7,1.87,1.33,1.69,1.97,1.8,2.11,1.61,Debt : Medium Duration
SBI Credit Risk Fund Reg(G),Lokesh Mallya,DT-CR,1.55,1.58,1.51,3.37,1.57,1.63,1.95,2.09,1.98,1.83,Debt : Credit Risk
SBI CRISIL IBX Gilt Index   Apr 2029 Fund Reg(G),Ranjana Gupta,DT-M&LD,-,-,2.15,2.17,1.05,2.22,1.98,1.79,2.94,1.35,Debt : Medium to Long Duration
SBI CRISIL IBX Gilt Index   June 2036 Fund Reg(G),Ranjana Gupta,DT-LD,-,-,2.23,2.81,0.89,1.9,3.26,2.04,3.46,1.07,Debt : Long Duration
SBI CRISIL IBX SDL Index   Sep 2027 Fund Reg(G),Ranjana Gupta,DT-M&LD,-,-,2.07,1.9,1.11,1.77,1.91,2.17,2.43,1.4,Debt : Medium to Long Duration
SBI Dividend Yield Fund Reg(G),Rohit Shimpi,EQ-DIV,-,-,-,9.43,4.94,10.69,4.92,11.95,6.78,-8.67,Equity : Thematic - Dividend Yield
SBI Dynamic Bond Fund Reg(G),Rajeev Radhakrishnan,DT-DYN,1.74,1.97,1.63,2.62,0.99,1.68,2.84,1.7,3.32,0.52,Debt : Dynamic Bond
SBI Energy Opportunities Fund Reg(G),Raj Gandhi,EQ-POWER,-,-,-,-,-,-,-,11.06,6.85,-14.05,Equity : Sectoral - Energy / Power
SBI Equity Hybrid Fund Reg(G),R. Srinivasan,HY-EQ,8.62,1.9,-4.66,9.34,3.97,7.41,4.27,8.12,5.73,-4.19,Hybrid : Equity Oriented
SBI Equity Minimum Variance Fund Reg(G),Raviprakash Sharma,EQ-THEM,10.84,3.17,-2.88,12.84,3.88,12.46,4.57,5.4,12.29,-12.69,Equity : Thematic
SBI Equity Savings Fund Reg(G),Neeraj Kumar,HY-EQ,5.33,0.74,-0.37,7.75,5.6,3.67,2.09,5.98,3.21,0.28,Hybrid : Equity Oriented
SBI ESG Exclusionary Strategy Fund Reg(G),Rohit Shimpi,EQ-THEM,9.36,2.58,-3.64,12.64,3.31,11.15,1.23,12.88,5.73,-7.18,Equity : Thematic
SBI Flexicap Fund Reg(G),Dinesh Balachandran,EQ-FLEX,8.81,2.53,-3.45,11.7,4.13,9.35,2.8,10.44,7.18,-6.13,Equity : Flexi Cap
SBI Floating Rate Debt Fund Reg(G),Ardhendu Bhattacharya,DT-FL,1.22,1.66,1.57,1.89,2.41,1.47,2.2,1.92,2.28,1.55,Debt : Floater
SBI Focused Equity Fund Reg(G),R. Srinivasan,EQ-MLC,11.5,-0.31,-5.34,13.91,5.79,7.14,4.08,10.84,6.11,-4.29,Equity : Multi Cap
SBI Gold ETF,Vandna Soni,GOLD-ETF,-1.13,9.64,7.75,-3.36,-0.77,8.97,6.35,6.43,4.55,0.96,Gold : ETFs
SBI Gold Reg(G),Raviprakash Sharma,GOLD-MF,-1.73,8.47,9.51,-3.85,-0.16,8.58,5.99,7.06,4.76,0.64,Gold : MFs
SBI Healthcare Opp Fund Reg(G),Tanmaya Desai,EQ-PHRM,8.9,2.05,-2.23,18.64,8.96,9.37,11.71,4.22,17.36,4.08,Equity : Sectoral - Pharma
SBI Infrastructure Fund Reg(G),Bhavin Vithlani,EQ-INFRA,12.63,4.04,0.82,12.6,12.53,17.18,9.61,16.84,3.65,-8.98,Equity : Sectoral - Infrastructure
SBI Innovative Opportunities Fund Reg(G),Prasad Padala,EQ-THEM,-,-,-,-,-,-,-,-,-,-0.92,Equity : Thematic
SBI International Access US Equity FoF Reg(G),Pradeep Kesavan,FOF-OVR,-4.61,9.75,3.87,7.32,0,13.52,11.6,5.89,3.24,0.77,FoFs : Overseas
SBI Large & Midcap Fund Reg(G),Saurabh Pant,EQ-L&M,15.92,1.93,-2.65,12.23,5.26,10.26,2.6,13.26,7.46,-5.46,Equity : Large & Mid Cap
SBI Liquid Fund Reg(G),R. Arun,DT-LIQ,1.26,1.6,1.66,1.69,1.69,1.73,1.84,1.77,1.76,1.71,Debt : Liquid
SBI Long Duration Fund Reg(G),Tejas Soman,DT-LD,-,-,2.39,2.29,1.14,1.79,4.81,2.27,3.57,0.17,Debt : Long Duration
SBI Long Term Equity Fund Reg(G),Dinesh Balachandran,EQ-ELSS,10.37,6.41,-2.15,15.11,9.9,13.1,11.23,13.49,8.19,-6.47,Equity : Tax Saving (ELSS)
SBI Magnum Childrens Benefit Fund Investment Plan Reg(G),R. Srinivasan,HY-SOL,9.81,1.67,-0.66,13.87,7.17,7.1,1.78,21.68,10.58,1.18,Hybrid : Solution Oriented
SBI Magnum Childrens Benefit Fund Savings Plan,Rajeev Radhakrishnan,HY-SOL,4,0.96,0.15,6.58,4.76,4.58,2.07,6.4,7.16,0.9,Hybrid : Solution Oriented
SBI Magnum Comma Fund Reg(G),Dinesh Balachandran,EQ-THEM,12.57,0.4,-6.17,10.29,10.94,15.26,1.9,10.86,10.83,-11.76,Equity : Thematic
SBI Magnum Constant Maturity Fund Reg(G),Tejas Soman,DT-GL10Y,2.03,2.06,1.82,2.75,0.76,1.97,2.54,1.74,3.51,1.07,Debt : Gilt (10 Yr Constant Duration)
SBI Magnum Gilt Fund Reg(G),Rajeev Radhakrishnan,DT-GILT,1.78,2,1.76,2.73,0.97,1.96,2.85,1.85,3.5,0.47,Debt : Gilt
SBI Magnum Global Fund Reg(G),R. Srinivasan,EQ-MNC,13.52,-2.89,0.55,12.13,5.76,3.57,-2.51,8.8,4.66,-2.54,Equity : Thematic - MNC
SBI Magnum Income Fund Reg(G),Lokesh Mallya,DT-M&LD,1.82,1.88,1.71,2.55,1.17,1.6,2.28,1.75,2.83,1.03,Debt : Medium to Long Duration
SBI Magnum Low Duration Fund Reg(G),Rajeev Radhakrishnan,DT-LOWD,1.15,1.54,1.64,1.79,1.56,1.59,1.87,1.73,1.82,1.68,Debt : Low Duration
SBI Magnum Medium Duration Fund Reg(G),Lokesh Mallya,DT-MD,1.51,1.86,1.71,2.35,1.38,1.61,2.09,1.71,2.53,1.55,Debt : Medium Duration
SBI Magnum Midcap Fund Reg(G),Bhavin Vithlani,EQ-MID,14.91,-2.2,-1.77,18.07,7.24,8.11,3.35,15.53,6.7,-5.54,Equity : Mid Cap
SBI Magnum Ultra Short Duration Fund Reg(G),R. Arun,DT-USD,1.21,1.55,1.68,1.8,1.65,1.66,1.9,1.78,1.82,1.73,Debt : Ultra Short Duration
SBI Multi Asset Allocation Fund Reg(G),Mansi Sajeja,HY-MULTI,7.95,2.49,0.01,7.28,6.2,9.16,2.01,8.92,4.54,-2.89,Hybrid : Multi Asset Allocation
SBI Multicap Fund Reg(G),R. Srinivasan,EQ-MLC,12.57,0.39,-5.88,13.09,6.71,7.83,4.21,13.35,10.97,-3.89,Equity : Multi Cap
SBI Nifty 10 yr Benchmark G Sec ETF,Tejas Soman,DT-ETF,1.69,2.23,1.74,3.14,0.81,1.98,2.59,1.75,3.46,1.3,Debt : ETFs
SBI NIFTY 1D Rate ETF,Tejas Soman,DT-ETF,-,-,-,-,-,-,1.56,1.55,1.54,1.54,Debt : ETFs
SBI Nifty 200 Quality 30 ETF,Raviprakash Sharma,EQ-ETF,9.92,-0.71,-1.25,11.96,4.98,12.8,1,11.61,13.03,-10.73,Equity : ETFs
SBI Nifty 50 ETF,Raviprakash Sharma,EQ-ETF,8.69,6.04,-4.04,11.02,2.69,10.83,2.91,8.09,7.78,-8.25,Equity : ETFs
SBI Nifty 500 Index Fund Reg(G),Viral Chhadva,EQ-INDX,-,-,-,-,-,-,-,-,-,-,Equity : Index Funds
SBI Nifty Bank ETF,Raviprakash Sharma,EQ-ETF,15.77,11.22,-5.57,10.8,-0.16,8.28,-2.47,11.69,1.43,-4.04,Equity : ETFs
SBI Nifty Consumption ETF,Harsh Sethi,EQ-ETF,17.74,-4,-5.08,16.36,1.9,13.3,5.83,10.24,15.46,-11.38,Equity : ETFs
SBI Nifty Index Fund Reg(G),Raviprakash Sharma,EQ-INDX,8.56,5.92,-4.16,10.9,2.57,10.68,2.78,7.98,7.66,-8.37,Equity : Index Funds
SBI Nifty India Consumption Index Fund Reg(G),Harsh Sethi,EQ-INDX,-,-,-,-,-,-,-,-,-,-,Equity : Index Funds
SBI Nifty IT ETF,Harsh Sethi,EQ-ETF,-2.61,6.67,0.36,3.65,7.72,12.4,-1.5,4.47,16.12,3.83,Equity : ETFs
SBI Nifty Midcap 150 Index Fund Reg(G),Harsh Sethi,EQ-INDX,-,-,-4.67,17.91,12.99,12.64,3.89,17.11,7.03,-5.41,Equity : Index Funds
SBI Nifty Next 50 ETF,Raviprakash Sharma,EQ-ETF,16.32,-0.42,-10.26,15.84,3.11,18.58,13.8,18.09,7.94,-11.66,Equity : ETFs
SBI Nifty Next 50 Index Fund Reg(G),Raviprakash Sharma,EQ-INDX,16.13,-0.6,-10.42,15.63,2.94,18.39,13.58,17.89,7.74,-11.82,Equity : Index Funds
SBI Nifty Private Bank ETF,Harsh Sethi,EQ-ETF,19.16,9.7,-5.73,11.58,1.06,7.63,-5.35,11.13,1.88,-6.54,Equity : ETFs
SBI Nifty Smallcap 250 Index Fund Reg(G),Harsh Sethi,EQ-INDX,-,-,-7.45,19.76,16.01,14.56,1.86,19.19,7.42,-3.75,Equity : Index Funds
SBI Nifty50 Equal Weight ETF,Viral Chhadva,EQ-ETF,-,-,-,-,-,-,-,-,-,-11.91,Equity : ETFs
SBI Nifty50 Equal Weight Index Fund Reg(G),Viral Chhadva,EQ-INDX,-,-,-,-,-,-,-,7.57,10.28,-12.09,Equity : Index Funds
SBI Overnight Fund Reg(G),R. Arun,DT-ON,1.25,1.48,1.54,1.6,1.62,1.67,1.63,1.61,1.6,1.6,Debt : Overnight
SBI PSU Fund Reg(G),Rohit Shimpi,EQ-THEM,14.09,14.97,-5.8,10.42,23.04,20.35,14.35,16.27,3.43,-10.23,Equity : Thematic
SBI Retirement Benefit Fund Aggressive Hybrid Plan Reg(G),Rohit Shimpi,HY-SOL,10.37,2.42,-1.34,10.72,4.49,7.8,1.25,11.8,4.38,-6.54,Hybrid : Solution Oriented
SBI Retirement Benefit Fund Aggressive Plan Reg(G),Rohit Shimpi,HY-SOL,12.38,2.84,-2.14,13.18,4.72,9.26,1.24,13.62,4.37,-8,Hybrid : Solution Oriented
SBI Retirement Benefit Fund Conservative Hybrid Plan Reg(G),Rohit Shimpi,HY-SOL,6.56,1.72,0.3,6.74,2.84,4.65,2.17,6.22,3.51,-2.67,Hybrid : Solution Oriented
SBI Retirement Benefit Fund Conservative Plan Reg(G),Rohit Shimpi,HY-SOL,4.54,1.47,1.17,4.64,2.07,3,2.54,3.73,3.4,-0.86,Hybrid : Solution Oriented
SBI Savings Fund Reg(G),R. Arun,DT-MM,1.17,1.51,1.71,1.78,1.61,1.61,1.9,1.73,1.77,1.67,Debt : Money Market
SBI Short Term Debt Fund Reg(G),Rajeev Radhakrishnan,DT-SD,1.11,1.66,1.58,1.9,1.49,1.59,1.93,1.65,2.34,1.59,Debt : Short Duration
SBI Silver ETF,Vandna Soni,GOLD-ETF,-,-,-,-,-,-,-,-,-,-4.1,Gold : ETFs
SBI Silver ETF FOF Reg(G),Harsh Sethi,FOF-DOM,-,-,-,-,-,-,-,-,-,-5.37,FoFs : Domestic
SBI Small Cap Fund Reg(G),R. Srinivasan,EQ-SML,17.76,0.2,-4.68,13.14,9.26,6.34,3.83,17.64,7.82,-5.74,Equity : Small Cap
SBI Technology Opp Fund Reg(G),Vivek Gedda,EQ-TECH,0.55,7.65,0.14,6.12,6.92,9.86,1.47,7.12,15.03,4.01,Equity : Sectoral - Technology
Shriram Aggressive Hybrid Fund Reg(G),Deepak Ramaraju,HY-EQ,6.36,2.66,-3.02,7.66,4.37,10.93,5.76,8.19,4.45,-5.28,Hybrid : Equity Oriented
Shriram Balanced Advantage Fund Reg(G),Deepak Ramaraju,HY-DYN,3.64,2.56,-1.48,6.21,2.67,11,6.41,4.18,2.85,-4.07,Hybrid : Dynamic Asset Allocation
Shriram ELSS Tax Saver Fund Reg(G),Deepak Ramaraju,EQ-ELSS,10.14,2.56,-5.04,10.35,5.49,12.67,5.22,12.88,3.83,-5.3,Equity : Tax Saving (ELSS)
Shriram Flexi Cap Fund Reg(G),Deepak Ramaraju,EQ-FLEX,11.41,2.74,-4.81,9.04,5.88,15.18,6.15,11.56,2.71,-4.6,Equity : Flexi Cap
Shriram Liquid Fund Reg(G),Deepak Ramaraju,DT-LIQ,-,-,-,-,-,-,-,-,-,-,Debt : Liquid
Shriram Multi Asset Allocation Fund Reg(G),Deepak Ramaraju,HY-MULTI,-,-,-,-,-,13.01,5.55,7.03,0.42,-4.07,Hybrid : Multi Asset Allocation
Shriram Nifty 1D Rate Liquid ETF,Deepak Ramaraju,DT-ETF,-,-,-,-,-,-,-,-,-,1.52,Debt : ETFs
Shriram Overnight Fund Reg(G),Deepak Ramaraju,DT-ON,-,1.48,1.53,1.6,1.62,1.67,1.62,1.61,1.59,1.58,Debt : Overnight
Sundaram Aggressive Hybrid Fund(G),S. Bharath,HY-EQ,8.94,3.06,-4.2,8.57,4.14,7.83,5.13,8.3,7.32,-4.16,Hybrid : Equity Oriented
Sundaram Arbitrage Fund(G),Rohit Seksaria,HY-ARB,0.76,1.32,1.57,1.72,1.77,1.54,1.89,1.81,1.66,1.6,Hybrid : Arbitrage
Sundaram Balanced Advantage Fund(G),S. Bharath,HY-DYN,7.49,3.08,-2.98,6.57,3.16,6.98,3.43,6.27,5.97,-3.29,Hybrid : Dynamic Asset Allocation
Sundaram Banking & PSU Fund(G),Sandeep Agarwal,DT-B&PSU,1.22,1.59,1.57,2,1.4,1.71,1.97,1.66,2.63,1.51,Debt : Banking & PSU
Sundaram Business Cycle Fund Reg(G),Ratish Varier,EQ-THEM,-,-,-,-,-,-,-,-,9.31,-1.39,Equity : Thematic
Sundaram Conservative Hybrid Fund(G),Dwijendra Srivastava,HY-DT(CO),2.78,2.63,0.14,3.76,1.4,3.63,2.32,2.82,3.6,-0.9,Hybrid : Debt Oriented (Conservative)
Sundaram Consumption Fund(G),Ratish Varier,EQ-CONS,19.26,-2.04,-5.63,15.77,7.45,10.96,-0.39,11.72,16.57,-7.43,Equity : Thematic - Consumption
Sundaram Corp Bond Fund(G),Dwijendra Srivastava,DT-CORP,1.18,1.51,1.65,1.43,1.34,1.7,1.99,1.59,2.74,1.44,Debt : Corporate Bond
Sundaram Diversified Equity(G),Sudhir Kedia,EQ-ELSS,11.4,2.8,-3.86,12.23,4.06,9.82,2.05,9.04,6.96,-5.88,Equity : Tax Saving (ELSS)
Sundaram Dividend Yield Fund(G),Ratish Varier,EQ-DIV,6.94,4.11,-1.56,10.39,6.97,15.29,5.51,10.11,7.77,-7.59,Equity : Thematic - Dividend Yield
Sundaram ELSS Tax Saver Fund Reg(G),Sudhir Kedia,EQ-ELSS,11.29,2.53,-4.54,13.27,5.16,9.45,4.52,9.94,6.98,-5.82,Equity : Tax Saving (ELSS)
Sundaram Equity Savings Fund(G),Sudhir Kedia,HY-EQ,4.57,2.28,-1.7,7.74,4.1,4.61,3.12,5.48,4.96,-1.34,Hybrid : Equity Oriented
Sundaram Fin Serv Opp Fund(G),Rohit Seksaria,EQ-FIN,14.94,10.89,-4.83,14.88,6.83,12.26,0.16,12.43,3.06,-7.74,Equity : Sectoral - Financial Services
Sundaram Flexi Cap Fund Reg(G),Sudhir Kedia,EQ-FLEX,-,3.49,-4.58,12.85,5.14,9.61,2.33,8.37,9.09,-5.25,Equity : Flexi Cap
Sundaram Focused Fund(G),S. Bharath,EQ-FLEX,11.55,3.35,-4.63,13.83,4.64,9.48,4.87,10.04,7.6,-5.59,Equity : Flexi Cap
Sundaram Global Brand Fund(G),Patanjali Srinivasan,FOF-OVR,-4.55,10.7,13.46,7.43,-3.78,10.97,7.49,-1.19,3.39,3.04,FoFs : Overseas
Sundaram Infra Advantage Fund(G),Ashish Aggarwal,EQ-INFRA,12.84,2.23,-1.2,13.76,10.23,14.34,8.89,17.94,3.44,-6.79,Equity : Sectoral - Infrastructure
Sundaram Large and Mid Cap Fund(G),S. Bharath,EQ-L&M,12.94,2.09,-5.22,13.24,5.91,11.59,3.55,13.46,7.46,-4.11,Equity : Large & Mid Cap
Sundaram Large Cap Fund Reg(G),Ashwin Jain,EQ-LC,9.12,5.66,-5.01,11.28,4.17,10.01,4.21,6.42,7.55,-6.92,Equity : Large Cap
Sundaram Liquid Fund(G),Dwijendra Srivastava,DT-LIQ,1.29,1.6,1.67,1.69,1.7,1.74,1.83,1.79,1.76,1.73,Debt : Liquid
Sundaram Low Duration Fund(G),Sandeep Agarwal,DT-LOWD,1.13,1.49,1.62,1.66,1.48,1.58,1.76,1.65,2.04,1.64,Debt : Low Duration
Sundaram Medium Duration Fund(G),Dwijendra Srivastava,DT-MD,0.99,1.42,1.41,1.74,0.6,1.62,1.55,1.27,2.2,1.03,Debt : Medium Duration
Sundaram Mid Cap Fund Reg(G),S. Bharath,EQ-MID,17.51,0.41,-4.16,15.41,11.3,14.01,5.12,16.34,11.98,-3.6,Equity : Mid Cap
Sundaram Money Market Fund Reg(G),Sandeep Agarwal,DT-MM,1.24,1.53,1.67,1.86,1.62,1.71,1.93,1.75,1.86,1.77,Debt : Money Market
Sundaram Multi Asset Allocation Fund Reg(G),Rohit Seksaria,HY-MULTI,-,-,-,-,-,-,-,6.95,5.99,-5.04,Hybrid : Multi Asset Allocation
Sundaram Multi Cap Fund(G),Sudhir Kedia,EQ-MLC,12.26,0.22,-4.49,12.74,8.54,12.15,1.74,14.8,8.52,-5.74,Equity : Multi Cap
Sundaram Nifty 100 Equal Weight Fund(G),Rohit Seksaria,EQ-INDX,12.51,1.22,-6.92,15.1,4.42,15.32,9,10.91,8.4,-11.26,Equity : Index Funds
Sundaram Overnight Fund Reg(G),Sandeep Agarwal,DT-ON,1.25,1.48,1.55,1.6,1.62,1.68,1.63,1.61,1.6,1.6,Debt : Overnight
Sundaram Services Fund Reg(G),Rohit Seksaria,EQ-THEM,12.35,3,-4.32,13.62,6.57,10.53,0.92,10.29,11.49,-5.02,Equity : Thematic
Sundaram Short Duration Fund(G),Dwijendra Srivastava,DT-SD,1.22,1.59,1.67,2.01,1.3,1.71,1.93,1.64,2.65,1.48,Debt : Short Duration
Sundaram Small Cap Fund(G),Rohit Seksaria,EQ-SML,14.41,0.79,-2.63,17.98,12.18,12.74,0.24,14.09,9.14,-4.59,Equity : Small Cap
Sundaram Ultra Short Duration Fund(G),Sandeep Agarwal,DT-USD,1.01,1.31,1.55,1.54,1.44,1.43,1.64,1.53,1.6,1.52,Debt : Ultra Short Duration
Tata Arbitrage Fund Reg(G),Sailesh Jain,HY-ARB,0.86,1.39,1.68,1.73,1.87,1.61,2.04,1.89,1.64,1.73,Hybrid : Arbitrage
Tata Balanced Adv Fund Reg(G),Rahul Singh (Tata),HY-DYN,6.08,2.71,-0.78,7,3.54,6.44,4.33,5.67,4.14,-3.53,Hybrid : Dynamic Asset Allocation
Tata Banking & Financial Services Fund Reg(G),Amey Sathe,EQ-FIN,15.83,12.76,-6.89,15.36,4.59,8.58,-4.53,13.36,5.92,-4.92,Equity : Sectoral - Financial Services
Tata BSE Sensex Index Fund Reg(G),Kapil Menon,EQ-INDX,8.37,5.98,-3.05,10.16,1.94,9.77,1.93,7.75,6.79,-7.3,Equity : Index Funds
Tata Business Cycle Fund Reg(G),Rahul Singh (Tata),EQ-THEM,12.04,9.09,-5.04,12.77,11.32,12.65,7.37,12.03,7.18,-8.08,Equity : Thematic
Tata Corp Bond Fund Reg(G),Abhishek Sonthalia,DT-CORP,1.22,1.56,1.71,2.03,1.45,1.55,2.18,1.78,2.52,1.54,Debt : Corporate Bond
Tata CRISIL IBX Gilt Index   April 2026 Index Fund Reg(G),Amit Somani,DT-MD,-,1.94,1.67,1.94,1.16,2.09,1.74,1.76,2.05,1.51,Debt : Medium Duration
Tata Digital India Fund Reg(G),Meeta Shetty,EQ-TECH,-0.52,3.9,0.24,7.31,7.28,14.3,2.39,6.76,15.23,3.7,Equity : Sectoral - Technology
Tata Dividend Yield Fund Reg(G),Sailesh Jain,EQ-DIV,9.58,5.28,-3.08,13.7,9.12,12.72,1.89,14.98,3.86,-8.12,Equity : Thematic - Dividend Yield
Tata ELSS Tax Saver Fund Reg(G),Tejas Gutka,EQ-ELSS,11.2,5.25,-5.23,11.19,6.46,10.55,1.56,14.14,9.18,-5.61,Equity : Tax Saving (ELSS)
Tata Equity P/E Fund(G),Sonam Udasi,EQ-VAL,9.95,5.42,-2.95,14.14,6.73,15.87,4.72,16.45,8.16,-7.73,Equity : Value / Contra
Tata Equity Savings Fund Reg(G),Sailesh Jain,HY-EQ,2.9,2.07,-0.03,4.73,2.18,5.19,2.87,5.17,2.46,0.27,Hybrid : Equity Oriented
Tata Ethical Fund Reg(G),Abhinav Sharma,EQ-THEM,9.66,-0.7,-0.52,11.71,3.98,9.68,1.93,12.72,8.4,-9.13,Equity : Thematic
Tata Flexi Cap Fund Reg(G),Amey Sathe,EQ-FLEX,10.1,0.32,-4.76,13.33,6.9,10.79,0.81,11.29,8.72,-7.7,Equity : Flexi Cap
Tata Floating Rate Fund Reg(G),Akhil Mittal,DT-FL,1.62,1.22,1.68,1.84,1.77,1.52,1.83,1.79,2.13,1.82,Debt : Floater
Tata Focused Equity Fund Reg(G),Meeta Shetty,EQ-MLC,8.8,6.94,-5.46,11.31,6.93,13.58,2.66,11.73,8.61,-5.08,Equity : Multi Cap
Tata Gilt Securities Fund Reg(G),Akhil Mittal,DT-GILT,2.08,0.75,1.97,2.65,1.02,1.65,2.82,1.32,2.94,0.96,Debt : Gilt
Tata Gold ETF,Tapan Patel,GOLD-ETF,-,-,-,-,-,-,-,6.19,4.84,1.36,Gold : ETFs
Tata Gold ETF FoF Reg(G),Tapan Patel,FOF-DOM,-,-,-,-,-,-,-,6.6,4.74,0.6,FoFs : Domestic
Tata Housing Opportunities Fund Reg(G),Tejas Gutka,EQ-THEM,-,1.6,-1.08,16.08,6.84,13.43,-1.5,18.58,4.84,-8.44,Equity : Thematic
Tata Hybrid Equity Fund Reg(G),Satish Chandra Mishra,HY-EQ,8.23,4.8,-3.09,8.21,2.73,7.82,3.9,8.23,6.39,-5.2,Hybrid : Equity Oriented
Tata India Consumer Fund Reg(G),Sonam Udasi,EQ-CONS,19.57,-4.19,-2.77,16.01,6.41,13.11,1.65,10.86,16.61,-3.62,Equity : Thematic - Consumption
Tata India Innovation Fund Reg(G),Meeta Shetty,EQ-THEM,-,-,-,-,-,-,-,-,-,-,Equity : Thematic
Tata India Pharma & Healthcare Fund Reg(G),Meeta Shetty,EQ-PHRM,8.14,-0.52,-4.19,15.19,11.11,11.38,10.75,4.62,18.85,1.96,Equity : Sectoral - Pharma
Tata Infrastructure Fund Reg(G),Abhinav Sharma,EQ-INFRA,16.28,0.94,-0.11,15.4,10.89,13.48,13.61,19.23,1.71,-10.79,Equity : Sectoral - Infrastructure
Tata Large & Mid Cap Fund Reg(G),Chandraprakash Padiyar,EQ-L&M,14.09,4.87,-4.32,12.69,5.2,8.33,4.11,12.15,6.92,-7.46,Equity : Large & Mid Cap
Tata Large Cap Fund Reg(G),Abhinav Sharma,EQ-LC,9.17,5.73,-4.28,11.77,3.58,12.37,3.97,11,6.07,-7.78,Equity : Large Cap
Tata Liquid Fund Reg(G),Amit Somani,DT-LIQ,1.24,1.6,1.64,1.69,1.7,1.76,1.83,1.78,1.77,1.75,Debt : Liquid
Tata Mid Cap Growth Fund Reg(G),Satish Chandra Mishra,EQ-MID,12.74,1.2,-2.72,15.59,12.05,11.55,4.94,18.77,5.45,-6.65,Equity : Mid Cap
Tata Money Market Fund Reg(G),Amit Somani,DT-MM,1.27,1.64,1.81,1.89,1.73,1.75,2.05,1.81,1.87,1.77,Debt : Money Market
Tata Multi Asset Opp Fund Reg(G),Rahul Singh (Tata),HY-MULTI,6.89,5.02,-2.08,7.78,4.16,7.63,5.28,7.86,4.04,-3.06,Hybrid : Multi Asset Allocation
Tata Multicap Fund Reg(G),Rahul Singh (Tata),EQ-MLC,-,-,-,10.87,7.92,8.79,0.32,12.91,6.84,-7.09,Equity : Multi Cap
Tata Nifty 50 ETF,Kapil Menon,EQ-ETF,8.66,6.07,-4.02,10.97,2.64,10.81,2.92,8.05,7.77,-8.26,Equity : ETFs
Tata NIFTY 50 Index Fund Reg(G),Kapil Menon,EQ-INDX,8.56,5.91,-4.15,10.82,2.52,10.66,2.77,7.93,7.63,-8.42,Equity : Index Funds
Tata Nifty Auto Index Fund Reg(G),Kapil Menon,EQ-AUTO,-,-,-,-,-,-,-,-,7.47,-15.65,Equity : Sectoral - Auto
Tata Nifty Capital Markets Index Fund Reg(G),Kapil Menon,EQ-INDX,-,-,-,-,-,-,-,-,-,-,Equity : Index Funds
Tata Nifty Financial Services Index Fund Reg(G),Kapil Menon,EQ-INDX,-,-,-,-,-,-,-,-,4.47,-4.22,Equity : Index Funds
Tata Nifty G Sec Dec 2026 Index Fund Reg(G),Amit Somani,DT-MD,-,-,-,1.93,1.1,2.16,1.72,1.78,2.23,1.42,Debt : Medium Duration
Tata Nifty G Sec Dec 2029 Index Fund Reg(G),Amit Somani,DT-M&LD,-,-,-,2.23,0.95,2.25,1.99,1.72,2.99,1.33,Debt : Medium to Long Duration
Tata Nifty India Digital ETF,Kapil Menon,EQ-ETF,3.81,-0.01,-2.69,15.98,8.81,13.31,5.72,8.75,13.43,2.56,Equity : ETFs
Tata Nifty India Digital ETF FoF Reg(G),Meeta Shetty,FOF-DOM,5.93,0.49,-5.83,15.95,10.16,12.2,5.23,7.89,13.38,2.03,FoFs : Domestic
Tata Nifty India Tourism Index Fund Reg(G),Kapil Menon,EQ-INDX,-,-,-,-,-,-,-,-,-,1.37,Equity : Index Funds
Tata Nifty Midcap 150 Momentum 50 Index Fund Reg(G),Kapil Menon,EQ-INDX,-,-,-3.52,15.56,15.95,14.99,8.64,17.42,6.71,-4.52,Equity : Index Funds
Tata Nifty MidSmall Healthcare Index Fund Reg(G),Kapil Menon,EQ-INDX,-,-,-,-,-,-,-,-,18.11,4.31,Equity : Index Funds
Tata Nifty Pvt Bank ETF,Kapil Menon,EQ-ETF,19.4,9.39,-5.69,11.58,1.03,7.63,-5.27,11.05,2.22,-6.78,Equity : ETFs
Tata Nifty Realty Index Fund Reg(G),Kapil Menon,EQ-INDX,-,-,-,-,-,-,-,-,-0.11,-4.86,Equity : Index Funds
Tata Nifty SDL Plus AAA PSU Bond Dec 2027 60:40 Index Fund Reg(G),Amit Somani,DT-M&LD,1.71,1.95,1.81,1.99,1.18,1.69,1.97,1.94,2.41,1.43,Debt : Medium to Long Duration
Tata Nifty200 Alpha 30 Index Fund Reg(G),Kapil Menon,EQ-INDX,-,-,-,-,-,-,-,-,-,-8.6,Equity : Index Funds
Tata Nifty500 Multicap India Manufacturing 50:30:20 Index Fund Reg(G),Kapil Menon,EQ-INDX,-,-,-,-,-,-,-,-,7.14,-8.62,Equity : Index Funds
Tata Nifty500 Multicap Infrastructure 50:30:20 Index Fund Reg(G),Kapil Menon,EQ-INDX,-,-,-,-,-,-,-,-,3.83,-9.19,Equity : Index Funds
Tata Overnight Fund Reg(G),Amit Somani,DT-ON,1.25,1.47,1.53,1.59,1.62,1.68,1.64,1.61,1.6,1.61,Debt : Overnight
Tata Quant Fund Reg(G),Sailesh Jain,EQ-THEM,10.68,6.01,-4.65,13.04,7.99,8.33,-0.52,12.97,9.78,-10.34,Equity : Thematic
Tata Resources & Energy Fund Reg(G),Satish Chandra Mishra,EQ-POWER,11.09,6.67,-4.25,9.49,7.32,13.46,4.19,14.51,6.27,-10.83,Equity : Sectoral - Energy / Power
Tata Retirement Sav Fund   Cons Plan(G),Sonam Udasi,HY-SOL,3.76,0.99,-0.27,4.72,3.03,4.17,1.54,5.1,3.72,-0.72,Hybrid : Solution Oriented
Tata Retirement Sav Fund   Mod Plan(G),Sonam Udasi,HY-SOL,9.75,0.53,-2.93,10.9,6.68,9.15,1.21,12.13,7.42,-1.96,Hybrid : Solution Oriented
Tata Retirement Sav Fund   Prog Plan(G),Sonam Udasi,HY-SOL,10.99,0.3,-3.87,12.21,7.63,11.09,1.46,14.16,8.61,-3.27,Hybrid : Solution Oriented
Tata Silver ETF,Tapan Patel,GOLD-ETF,-,-,-,-,-,-,-,17.59,1.96,-3.57,Gold : ETFs
Tata Silver ETF FoF Reg(G),Tapan Patel,FOF-DOM,-,-,-,-,-,-,-,17.77,2.16,-4.9,FoFs : Domestic
Tata Small Cap Fund Reg(G),Chandraprakash Padiyar,EQ-SML,16.04,4.85,-2.01,15.41,8.07,9.25,1.63,19.97,12.01,-3.59,Equity : Small Cap
Tata ST Bond Fund Reg(G),Murthy Nagarajan,DT-SD,0.97,1.43,1.83,1.89,1.22,1.65,1.9,1.59,2.24,1.44,Debt : Short Duration
Tata Treasury Advantage Fund Reg(G),Akhil Mittal,DT-LOWD,1.23,1.43,1.66,1.82,1.61,1.6,1.87,1.76,1.87,1.72,Debt : Low Duration
Tata Ultra Short Term Fund Reg(G),Akhil Mittal,DT-USD,1.1,1.43,1.57,1.65,1.53,1.57,1.77,1.66,1.7,1.7,Debt : Ultra Short Duration
Tata Young Citizen Fund,Amey Sathe,HY-SOL,10.65,4.41,-2.96,12.37,5.17,10.52,0.4,11.73,8.04,-7.13,Hybrid : Solution Oriented
Taurus Banking & Fin Serv Fund Reg(G),Anuj Kapil,EQ-FIN,15.91,12.08,-6.84,12.68,2.23,8.05,1.6,8.97,2.34,-4.14,Equity : Sectoral - Financial Services
Taurus ELSS Tax Saver Fund Reg(G),Anuj Kapil,EQ-ELSS,8.66,5.56,-0.14,9.8,5.74,11.02,5.38,7.9,9.55,-2.49,Equity : Tax Saving (ELSS)
Taurus Ethical Fund Reg(G),Anuj Kapil,EQ-MLC,11.57,-1.43,-5.43,12.21,10.3,9.7,8.42,9.32,10.2,-8.64,Equity : Multi Cap
Taurus Flexi Cap Fund Reg(G),Anuj Kapil,EQ-FLEX,15.04,1.17,-7.61,11.79,10.72,10.97,4.56,12.36,6.39,-6.13,Equity : Flexi Cap
Taurus Infrastructure Fund Reg(G),Anuj Kapil,EQ-INFRA,13.88,1.33,-6.04,15.42,14.3,13.99,6.63,16.13,6.28,-10.36,Equity : Sectoral - Infrastructure
Taurus Large Cap Fund Reg(G),Anuj Kapil,EQ-LC,18.58,0.4,-8.61,12.36,6.02,11.89,8.05,8.6,7.46,-6.38,Equity : Large Cap
Taurus Mid Cap Fund Reg(G),Anuj Kapil,EQ-MID,14.02,5.1,-7.23,21.25,12.31,9.54,1.78,13.86,4.79,-8.33,Equity : Mid Cap
Taurus Nifty 50 Index Fund Reg(G),Anuj Kapil,EQ-INDX,8.7,5.69,-4.26,10.5,2.19,10.45,2.68,7.6,7.39,-8.43,Equity : Index Funds
Templeton India Equity Income Fund(G),Rajasa Kakulavarapu,EQ-DIV,2.31,5.87,2.86,5.57,6.53,15.27,8.89,10.04,9.96,-8.6,Equity : Thematic - Dividend Yield
Templeton India Value Fund(G),Ajay Argal,EQ-VAL,14.19,5.89,-2.35,11.62,9.04,12.51,5.46,14.05,5.46,-9.19,Equity : Value / Contra
TRUSTMF Banking & PSU Fund Reg(G),Jalpan Shah,DT-B&PSU,1.28,1.52,1.35,1.94,1.57,1.48,1.72,1.75,2.35,1.42,Debt : Banking & PSU
TRUSTMF Corporate Bond Fund Reg(G),Jalpan Shah,DT-CORP,-,-,-,1.99,1.41,1.55,1.91,1.52,2.63,1.33,Debt : Corporate Bond
TRUSTMF Flexi Cap Fund Reg(G),Mihir Vora,EQ-FLEX,-,-,-,-,-,-,-,-,8.11,1.6,Equity : Flexi Cap
TRUSTMF Liquid Fund Reg(G),Jalpan Shah,DT-LIQ,1.28,1.56,1.67,1.7,1.67,1.76,1.81,1.74,1.75,1.71,Debt : Liquid
TRUSTMF Money Market Fund Reg(G),Jalpan Shah,DT-MM,-,1.63,1.78,1.77,1.6,1.67,1.87,1.69,1.89,1.78,Debt : Money Market
TRUSTMF Overnight Fund Reg(G),Jalpan Shah,DT-ON,1.26,1.47,1.57,1.62,1.61,1.7,1.63,1.62,1.6,1.65,Debt : Overnight
TRUSTMF Short Duration Fund Reg(G),Jalpan Shah,DT-SD,1.16,1.56,1.49,1.94,1.39,1.62,1.67,1.5,2.38,1.42,Debt : Short Duration
TRUSTMF Small Cap Fund Reg(G),Mihir Vora,EQ-SML,-,-,-,-,-,-,-,-,-,-,Equity : Small Cap
Union Aggressive Hybrid Fund Reg(G),Sanjay Bembalkar,HY-EQ,8.39,2.66,-4.01,10.31,4.6,8.3,4.06,7.74,6.02,-3.69,Hybrid : Equity Oriented
Union Arbitrage Fund Reg(G),Vishal Thakker,HY-ARB,0.81,1.34,1.58,1.78,1.88,1.61,2.05,1.92,1.59,1.81,Hybrid : Arbitrage
Union Balanced Advantage Fund Reg(G),Sanjay Bembalkar,HY-DYN,4.82,2.4,-0.59,5.62,2.54,7.31,2.93,5.96,3.51,-2.54,Hybrid : Dynamic Asset Allocation
Union Business Cycle Fund Reg(G),Harshad Patwardhan,EQ-THEM,-,-,-,-,-,-,-,11.77,5.49,-5.96,Equity : Thematic
Union Childrens Fund Reg(G),Gaurav Chopra,HY-SOL,-,-,-,-,-,-,4.06,10.95,8.76,-4.81,Hybrid : Solution Oriented
Union Corporate Bond Fund Reg(G),Parijat Agrawal,DT-CORP,0.93,1.5,1.5,1.8,1.36,1.62,2.09,1.54,2.68,1.45,Debt : Corporate Bond
Union Dynamic Bond(G),Parijat Agrawal,DT-DYN,0.66,1.65,1.73,2.08,0.81,1.74,2.72,1.68,3.25,0.63,Debt : Dynamic Bond
Union ELSS Tax Saver Fund(G),Vinod Malviya,EQ-ELSS,11.53,2.75,-4.28,12.94,6.24,10.06,4.3,10,7.52,-5.26,Equity : Tax Saving (ELSS)
Union Equity Savings Fund Reg(G),Sanjay Bembalkar,HY-EQ,3.28,2.27,-0.59,4.91,2.41,4.5,2.52,3.75,2.56,-0.61,Hybrid : Equity Oriented
Union Flexi Cap Fund Reg(G),Sanjay Bembalkar,EQ-FLEX,10.71,3.19,-5.01,13.56,6.42,11.09,4.53,8.85,6.56,-3.66,Equity : Flexi Cap
Union Focused Fund Reg(G),Pratik Dharmshi,EQ-MLC,9.4,2.83,-5.61,11.82,5.52,8.49,3.5,10.15,3.99,-1.84,Equity : Multi Cap
Union Gilt Fund Reg(G),Parijat Agrawal,DT-GILT,-,1.78,1.69,2.04,0.83,1.95,2.75,1.94,3.44,0.44,Debt : Gilt
Union Innovation & Opp Fund Reg(G),Gaurav Chopra,EQ-THEM,-,-,-,-,-,6.05,5.9,15.99,12.7,1.72,Equity : Thematic
Union Large & Midcap Fund Reg(G),Vinod Malviya,EQ-L&M,13.37,0.3,-5.49,14.72,6.66,9.5,3.91,13.02,6.06,-3.22,Equity : Large & Mid Cap
Union Largecap Fund Reg(G),Sanjay Bembalkar,EQ-LC,8.5,4.76,-4.01,10.97,4.38,9.96,6.02,8.17,4.57,-6.29,Equity : Large Cap
Union Liquid Fund(G),Devesh Thacker,DT-LIQ,1.27,1.62,1.67,1.72,1.71,1.76,1.84,1.79,1.78,1.75,Debt : Liquid
Union Medium Duration Fund Reg(G),Parijat Agrawal,DT-MD,1.17,1.65,1.66,2.01,1.13,1.77,1.97,1.53,2.6,1.24,Debt : Medium Duration
Union Midcap Fund Reg(G),Gaurav Chopra,EQ-MID,17.31,-3.32,-5.22,17.61,8.5,9.28,4.49,17.88,7.49,-2.88,Equity : Mid Cap
Union Money Market Fund Reg(G),Parijat Agrawal,DT-MM,1.04,1.42,1.52,1.64,1.47,1.47,1.69,1.55,1.7,1.6,Debt : Money Market
Union Multi Asset Allocation Fund Reg(G),Sanjay Bembalkar,HY-MULTI,-,-,-,-,-,-,-,-,-,-1.57,Hybrid : Multi Asset Allocation
Union Multicap Fund Reg(G),Harshad Patwardhan,EQ-MID,-,-,-4.29,15.88,8.92,9.21,3.48,13.9,8.53,-4.35,Equity : Mid Cap
Union Overnight Fund Reg(G),Tarun Singh,DT-ON,1.26,1.48,1.53,1.6,1.62,1.67,1.65,1.62,1.6,1.6,Debt : Overnight
Union Retirement Fund Reg(G),Pratik Dharmshi,HY-SOL,-,2.37,-3.72,13.67,7.53,10.5,4.64,11.15,6.84,-5.53,Hybrid : Solution Oriented
Union Small Cap Fund Reg(G),Pratik Dharmshi,EQ-SML,17.79,-6.06,-4.37,19.24,14.49,8.29,-2.54,17.2,8.84,-0.56,Equity : Small Cap
Union Value Fund Reg(G),Vinod Malviya,EQ-VAL,11.45,3.66,-4.1,13.18,8.5,13.15,3.85,12.39,6.22,-5.89,Equity : Value / Contra
UTI Aggressive Hybrid Fund Reg(G),V. Srivatsa,HY-EQ,7.65,4.26,-1.93,11.06,5.48,9.19,4.32,10.63,8.18,-4.13,Hybrid : Equity Oriented
UTI Arbitrage Fund Reg(G),Sharwan Kumar Goyal,HY-ARB,0.78,1.37,1.67,1.75,1.94,1.61,2.08,1.93,1.7,1.81,Hybrid : Arbitrage
UTI Balanced Advantage Fund Reg(G),Sachin Trivedi,HY-DYN,-,-,-,-,-,6.86,1.94,5.9,6,-3.08,Hybrid : Dynamic Asset Allocation
UTI Banking & PSU Fund Reg(G),Anurag Mittal,DT-B&PSU,1.58,1.75,1.57,1.99,1.26,1.68,1.97,1.57,2.37,1.52,Debt : Banking & PSU
UTI Banking and Financial Services Fund Reg(G),Preethi R S,EQ-FIN,15.81,9,-5.84,13.24,1.28,10.69,-0.23,11.15,5.47,-5.02,Equity : Sectoral - Financial Services
UTI BSE Housing Index Fund Reg(G),Sharwan Kumar Goyal,EQ-INDX,-,-,-,-,8.83,13.97,2.37,22.27,1.84,-5.63,Equity : Index Funds
UTI BSE Low Volatility Index Fund Reg(G),Sharwan Kumar Goyal,EQ-INDX,8.25,5.26,-2.23,11.1,4.93,13.5,7.36,7.04,7.97,-11.16,Equity : Index Funds
UTI BSE Sensex ETF,Sharwan Kumar Goyal,EQ-ETF,8.61,6.12,-2.89,10.37,2.06,9.94,2.09,7.91,6.94,-7.16,Equity : ETFs
UTI BSE Sensex Index Fund Reg(G),Sharwan Kumar Goyal,EQ-INDX,8.49,6.07,-3.04,10.31,2,9.84,2.02,7.84,6.86,-7.24,Equity : Index Funds
UTI BSE Sensex Next 50 ETF,Sharwan Kumar Goyal,EQ-ETF,15.95,-0.45,-5.78,16.8,6.16,15.14,9.28,15.73,8.57,-8.05,Equity : ETFs
UTI Childrens Equity Fund(G),Vishal Chopda,HY-SOL,12.51,0.13,-5.72,13.32,4.48,10.82,0.05,14.32,8.29,-8.39,Hybrid : Solution Oriented
UTI Childrens Hybrid Fund,Vishal Chopda,HY-SOL,5.81,1.08,-1.37,6.66,2.37,5.27,1.53,6.64,5.15,-2.87,Hybrid : Solution Oriented
UTI Conservative Hybrid Fund Reg(G),Amit Premchandani,HY-DT(CO),4.27,2.24,-0.16,4.61,2.39,4.08,2.18,5.28,4.99,-1.18,Hybrid : Debt Oriented (Conservative)
UTI Corporate Bond Fund Reg(G),Anurag Mittal,DT-CORP,1.26,1.55,1.6,1.98,1.46,1.67,2.05,1.6,2.49,1.53,Debt : Corporate Bond
UTI Credit Risk Fund Reg(G),Ritesh Nambiar,DT-CR,1.38,1.75,1.52,1.89,1.54,1.49,1.95,1.51,2.63,1.58,Debt : Credit Risk
UTI CRISIL SDL Maturity April 2033 Index Fund Reg(G),Sunil Patil,DT-LD,-,-,1.32,3.28,1.38,0.71,3.25,1.96,3.36,1.37,Debt : Long Duration
UTI CRISIL SDL Maturity June 2027 Index Fund Reg(G),Sunil Patil,DT-M&LD,-,-,-,1.93,1.06,1.81,1.89,2.08,2.37,1.52,Debt : Medium to Long Duration
UTI Dividend Yield Fund Reg(G),Amit Premchandani,EQ-DIV,7.22,2.69,-0.42,10.49,9.12,12.82,4.33,16.09,11.85,-7.96,Equity : Thematic - Dividend Yield
UTI Dynamic Bond Fund Reg(G),Sudhir Agarwal,DT-DYN,1.32,1.25,1.56,1.85,1.29,1.36,2.8,1.4,3.1,1.05,Debt : Dynamic Bond
UTI ELSS Tax Saver Fund Reg(G),Vishal Chopda,EQ-ELSS,12.72,0.27,-5.64,13.49,4.59,10.95,0.14,14.46,8.39,-8.31,Equity : Tax Saving (ELSS)
UTI Equity Savings Fund Reg(G),V. Srivatsa,HY-EQ,4.17,3.42,0.23,6.03,3.35,5.37,2.95,3.76,3.65,-1.39,Hybrid : Equity Oriented
UTI Flexi Cap Fund Reg(G),Ajay Tyagi,EQ-FLEX,12.2,-2.88,-5.05,13.52,2.58,8.36,-2.59,11.51,10.98,-5.17,Equity : Flexi Cap
UTI Floater Fund Reg(G),Sudhir Agarwal,DT-FL,1.22,1.41,1.63,1.92,1.52,1.55,1.91,1.55,1.79,1.62,Debt : Floater
UTI Focused Fund Reg(G),Vishal Chopda,EQ-FLEX,13.17,-0.61,-3.51,15.56,3.72,11.41,3.74,11.83,9.73,-11.37,Equity : Flexi Cap
UTI Gilt Fund with 10 year Constant Duration Reg(G),Jaydeep Bhowal,DT-GL10Y,-,2.07,1.78,2.73,0.78,1.82,2.55,1.64,3.47,1.11,Debt : Gilt (10 Yr Constant Duration)
UTI Gilt Fund Reg(G),Sudhir Agarwal,DT-GILT,1.86,1.62,1.65,2.08,1.32,1.48,2.92,1.62,3.44,0.68,Debt : Gilt
UTI Gold ETF,Niranjan Das,GOLD-ETF,-1.26,9.74,7.89,-3.37,-0.75,9.7,7.01,5.6,4.91,0.9,Gold : ETFs
UTI Gold ETF FoF Reg(G),Sharwan Kumar Goyal,GOLD-MF,-,-,8.35,-3.26,-0.03,8.72,5.32,7.24,5,0.76,Gold : MFs
UTI Healthcare Fund Reg(G),Kamal Gada,EQ-PHRM,7.28,-1.06,-3.44,15.14,12.49,10.5,8.85,5.37,23.11,1.18,Equity : Sectoral - Pharma
UTI India Consumer Fund Reg(G),Vishal Chopda,EQ-CONS,17.32,-5.61,-5.45,15.72,2.37,9.87,4.99,13.03,14.08,-11.17,Equity : Thematic - Consumption
UTI Infrastructure Fund Reg(G),Sachin Trivedi,EQ-INFRA,15.68,4.3,-1.53,12,8.83,15.14,9.21,16.1,3.98,-10.09,Equity : Sectoral - Infrastructure
UTI Innovation Fund Reg(G),Ankit Agarwal,EQ-THEM,-,-,-,-,-,-,0.05,9.26,12.03,-3.36,Equity : Thematic
UTI Large & Mid Cap Fund Reg(G),V. Srivatsa,EQ-L&M,10.77,3.95,-3.46,15.05,8.44,11.61,5.97,15.43,10.65,-6.02,Equity : Large & Mid Cap
UTI Large Cap Fund Reg(G),Karthikraj Lakshmanan,EQ-LC,9.92,2.3,-4.62,11.48,3.67,9.57,2.64,9.57,8.08,-8.5,Equity : Large Cap
UTI Liquid Fund Reg(G),Amit Sharma,DT-LIQ,1.29,1.6,1.69,1.71,1.71,1.75,1.84,1.79,1.77,1.74,Debt : Liquid
UTI Long Duration Fund Reg(G),Sunil Patil,DT-LD,-,-,-,2.41,0.63,1.57,4.59,1.9,3.36,0.1,Debt : Long Duration
UTI Low Duration Fund Reg(G),Anurag Mittal,DT-LOWD,1.22,1.55,1.72,1.92,1.64,1.66,1.94,1.71,2.08,1.76,Debt : Low Duration
UTI Medium Duration Fund Reg(G),Ritesh Nambiar,DT-MD,1.39,1.59,1.45,2.04,1.3,1.51,1.96,1.47,2.61,1.36,Debt : Medium Duration
UTI Medium to Long Duration Fund Reg(G),Sunil Patil,DT-M&LD,1.67,1.75,1.7,2.41,0.82,1.37,2.48,1.61,3.05,1.07,Debt : Medium to Long Duration
UTI Mid Cap Fund Reg(G),Ankit Agarwal,EQ-MID,15.58,-0.99,-5.65,17.65,8.53,8.35,1.73,18.01,9.14,-5.91,Equity : Mid Cap
UTI MNC Fund Reg(G),Karthikraj Lakshmanan,EQ-MNC,10.06,-1.58,-3.18,13.32,4.24,7.22,3.78,15.25,6.88,-8.72,Equity : Thematic - MNC
UTI Money Market Fund Reg(G),Amit Sharma,DT-MM,1.28,1.65,1.84,1.9,1.75,1.74,2,1.79,1.93,1.81,Debt : Money Market
UTI Multi Asset Allocation Fund Reg(G),Sharwan Kumar Goyal,HY-MULTI,8.83,3.56,0.38,9.27,4.33,12.87,8.6,7.12,7.58,-3.55,Hybrid : Multi Asset Allocation
UTI Nifty 10 yr Benchmark G Sec ETF,Jaydeep Bhowal,DT-ETF,-,-,-,-,-,-,-,1.72,3.49,1.3,Debt : ETFs
UTI Nifty 5 yr Benchmark G Sec ETF,Jaydeep Bhowal,DT-ETF,-,-,-,-,-,-,-,1.7,3.26,1.26,Debt : ETFs
UTI Nifty 50 ETF,Sharwan Kumar Goyal,EQ-ETF,8.68,6.04,-4.04,11.02,2.69,10.83,2.91,8.09,7.78,-8.25,Equity : ETFs
UTI Nifty 50 Index Fund Reg(G),Sharwan Kumar Goyal,EQ-INDX,8.62,5.98,-4.11,10.95,2.62,10.72,2.81,7.99,7.71,-8.31,Equity : Index Funds
UTI Nifty 500 Value 50 Index Fund Reg(G),Sharwan Kumar Goyal,EQ-INDX,-,-,-,-,17.77,23.6,11.89,16.66,5.46,-13.28,Equity : Index Funds
UTI Nifty Alpha Low Volatility 30 Index Fund Reg(G),Sharwan Kumar Goyal,EQ-INDX,-,-,-,-,-,-,-,-,-,-,Equity : Index Funds
UTI Nifty Bank ETF,Sharwan Kumar Goyal,EQ-ETF,15.8,11.31,-5.54,10.82,-0.15,8.29,-2.46,11.71,1.46,-4.02,Equity : ETFs
UTI Nifty IT ETF,Sharwan Kumar Goyal,EQ-ETF,-,-,-,-,-,-,-,4.47,16.11,3.85,Equity : ETFs
UTI Nifty Midcap 150 ETF,Sharwan Kumar Goyal,EQ-ETF,-,-,-,-,-,12.81,4.1,17.38,7.25,-5.21,Equity : ETFs
UTI Nifty Midcap 150 Index Fund Reg(G),Sharwan Kumar Goyal,EQ-INDX,-,-,-,-,-,-,-,-,-,-,Equity : Index Funds
UTI Nifty Midcap 150 Quality 50 Index Fund Reg(G),Sharwan Kumar Goyal,EQ-INDX,11.6,-3.95,-4.78,13.89,8.47,8.45,-1.05,20.56,6.23,-5.89,Equity : Index Funds
UTI Nifty Next 50 Index Fund Reg(G),Sharwan Kumar Goyal,EQ-INDX,16.19,-0.58,-10.46,15.67,2.94,18.38,13.61,17.89,7.73,-11.76,Equity : Index Funds
UTI Nifty Private Bank Index Fund Reg(G),Sharwan Kumar Goyal,EQ-INDX,-,-,-,-,-,-,-,-,-,-6.72,Equity : Index Funds
UTI Nifty SDL Plus AAA PSU Bond Apr 2026 75:25 Index Fund Reg(G),Sunil Patil,DT-MD,-,-,-,1.78,1.37,1.75,1.9,1.78,2.09,1.59,Debt : Medium Duration
UTI Nifty SDL Plus AAA PSU Bond Apr 2028 75:25 Index Fund Reg(G),Sunil Patil,DT-M&LD,-,-,-,2.02,1.16,1.84,2.02,1.81,2.7,1.43,Debt : Medium to Long Duration
UTI Nifty200 Momentum 30 Index Fund Reg(G),Sharwan Kumar Goyal,EQ-INDX,17.22,1.58,-6.08,16.75,8.98,17.72,12.67,14.83,6.63,-12.5,Equity : Index Funds
UTI Nifty200 Quality 30 Index Fund Reg(G),Sharwan Kumar Goyal,EQ-INDX,-,-,-,-,-,-,-,-,-,-10.89,Equity : Index Funds
UTI NIFTY50 Equal Weight Index Fund Reg(G),Sharwan Kumar Goyal,EQ-INDX,-,-,-,-,5.1,13.34,5.09,7.54,10.25,-12.1,Equity : Index Funds
UTI Overnight Fund Reg(G),Ritesh Nambiar,DT-ON,1.27,1.49,1.54,1.61,1.63,1.69,1.65,1.63,1.61,1.62,Debt : Overnight
UTI Retirement Fund,V. Srivatsa,HY-SOL,4.62,3.09,-0.27,6.99,3.41,5.75,3.59,6.37,5.86,-1.87,Hybrid : Solution Oriented
UTI Short Duration Fund Reg(G),Sudhir Agarwal,DT-SD,1.48,1.54,1.54,2.07,1.43,1.72,2.22,1.52,2.37,1.57,Debt : Short Duration
UTI Silver ETF,Niranjan Das,GOLD-ETF,-,-,-,-,3.57,2.81,1.2,17.88,0.76,-4.53,Gold : ETFs
UTI Silver ETF FoF Reg(G),Sharwan Kumar Goyal,FOF-DOM,-,-,-,-,3.24,2.94,0.78,19.51,0.75,-4.53,FoFs : Domestic
UTI Small Cap Fund Reg(G),Ankit Agarwal,EQ-SML,14.15,-0.72,-5.35,17.89,9.34,10.92,-3.35,19.5,10.12,-0.33,Equity : Small Cap
UTI Transportation & Logistics Fund Reg(G),Sachin Trivedi,EQ-AUTO,9.97,-1.4,-4.59,22.51,5.34,13.75,12.2,15.83,6.23,-14.03,Equity : Sectoral - Auto
UTI ULIP(G),Sunil Patil,HY-DT(BA),5.61,-0.17,-1.07,6.74,1.7,4.25,0.55,5.48,6.32,-1.16,Hybrid : Debt Oriented (Balanced)
UTI Ultra Short Duration Fund Reg(G),Ritesh Nambiar,DT-USD,1.16,1.48,1.63,1.72,1.61,1.6,1.84,1.68,1.82,1.69,Debt : Ultra Short Duration
UTI Value Fund Reg(G),Amit Premchandani,EQ-VAL,12.16,3.98,-5.09,11.6,6.41,12.43,2.64,17.12,10.79,-7.33,Equity : Value / Contra
UTI Nifty Next 50 ETF,Sharwan Kumar Goyal,EQ-ETF,16.4,-0.42,-10.28,15.85,3.11,18.57,13.8,18.11,7.95,-11.62,Equity : ETFs
WOC Arbitrage Fund Reg(G),Ramesh Mantri,HY-ARB,-,-,-,-,-,-,-,-,-,1.66,Hybrid : Arbitrage
WOC Balanced Advantage Fund Reg(G),Ramesh Mantri,HY-DYN,-,-,-,8.39,2.81,6.84,3.42,7.26,6.51,-1.18,Hybrid : Dynamic Asset Allocation
WOC Balanced Hybrid Fund Reg(G),Ramesh Mantri,HY-DYN,-,-,-,-,-,-,3.48,6.69,6.72,-2.01,Hybrid : Dynamic Asset Allocation
WOC Banking & Financial Services Fund Reg(G),Trupti Agrawal,EQ-FIN,-,-,-,-,-,-,-,11.11,7.15,-2.31,Equity : Sectoral - Financial Services
WOC Digital Bharat Fund Reg(G),Ramesh Mantri,EQ-TECH,-,-,-,-,-,-,-,-,-,-,Equity : Sectoral - Technology
WOC ELSS Tax Saver Fund Reg(G),Ramesh Mantri,EQ-ELSS,-,-,-4.69,15,7.1,12.62,3.88,13.2,9.91,-0.8,Equity : Tax Saving (ELSS)
WOC ESG Best In Class Strategy Fund Reg(G),Ramesh Mantri,EQ-THEM,-,-,-,-,-,-,-,-,-,-,Equity : Thematic
WOC Flexi Cap Fund Reg(G),Ramesh Mantri,EQ-FLEX,-,1.92,-4.91,15.34,7.2,11.56,3.68,11.37,9.97,-2.61,Equity : Flexi Cap
WOC Large & Mid Cap Fund Reg(G),Ramesh Mantri,EQ-L&M,-,-,-,-,-,-,5.86,12.32,8.59,-2.85,Equity : Large & Mid Cap
WOC Large Cap Fund Reg(G),Ramesh Mantri,EQ-LC,-,-,-5.15,12.74,2.94,11.95,5.83,10.81,8.52,-4.99,Equity : Large Cap
WOC Liquid Fund Reg(G),Piyush Baranwal,DT-LIQ,1.19,1.54,1.64,1.68,1.64,1.73,1.84,1.77,1.74,1.72,Debt : Liquid
WOC Mid Cap Fund Reg(G),Ramesh Mantri,EQ-MID,-,1.29,-5.04,18.82,11,12.98,3.98,15.51,10.74,0.27,Equity : Mid Cap
WOC Multi Asset Allocation Fund Reg(G),Ramesh Mantri,HY-MULTI,-,-,-,-,1.56,6.64,4.19,6.26,5.48,0.65,Hybrid : Multi Asset Allocation
WOC Multi Cap Fund Reg(G),Ramesh Mantri,EQ-MLC,-,-,-,-,-,13.1,4.64,12.79,10.19,-1.1,Equity : Multi Cap
WOC Pharma and Healthcare Fund Reg(G),Ramesh Mantri,EQ-PHRM,-,-,-,-,-,-,-,5.99,23.13,5.61,Equity : Sectoral - Pharma
WOC Special Opp Fund Reg(G),Dheeresh Pathak,EQ-THEM,-,-,-,-,-,-,-,-,13.05,-1.13,Equity : Thematic
WOC Ultra Short Duration Fund Reg(G),Piyush Baranwal,DT-USD,1.01,1.43,1.56,1.63,1.51,1.54,1.75,1.63,1.68,1.66,Debt : Ultra Short Duration
Zerodha Gold ETF,Shyam Agarwal,GOLD-ETF,-,-,-,-,-,-,-,6.57,4.66,1.03,Gold : ETFs
Zerodha Nifty 100 ETF,Kedarnath Mirajkar,EQ-ETF,-,-,-,-,-,-,-,-,7.79,-8.79,Equity : ETFs
Zerodha Nifty 1D Rate Liquid ETF,Apurv Parikh,DT-ETF,-,-,-,-,-,-,-,1.57,1.55,1.56,Debt : ETFs
Zerodha Nifty Midcap 150 ETF,Kedarnath Mirajkar,EQ-ETF,-,-,-,-,-,-,-,-,7.38,-5.1,Equity : ETFs
